Platform,Broadcaster/Network,Channel Name,LCN,Foxtel Number,Broadcast Hours,Format,Programming Content,Availability,LogoURL,Notes
FTA,ABC,ABC TV,2,,24 hours,576i SDTV,Primary channel; news; AU & foreign,Nationwide,https://upload.wikimedia.org/wikipedia/commons/9/95/ABC_TV_logo_2021.svg,
FTA,ABC,ABC TV HD,20,,24 hours,1080i HDTV (MPEG-4),Simulcast of ABC TV,Nationwide,https://upload.wikimedia.org/wikipedia/commons/9/95/ABC_TV_logo_2021.svg,
FTA,ABC,ABC Kids / ABC TV Plus,22,,04:00–19:30 / 19:30–04:00,576i SDTV,Children (day) / General entertainment (night),Nationwide,https://upload.wikimedia.org/wikipedia/commons/5/5d/ABC_TV_Plus_logo.svg,
FTA,ABC,ABC News,24,,24 hours,576i SDTV,News channel,Nationwide,https://upload.wikimedia.org/wikipedia/commons/6/61/ABC_News_Australia_Logo_2017.svg,
FTA,SBS,SBS,3,,24 hours,576i SDTV,Primary channel; news; AU & foreign,Nationwide,https://upload.wikimedia.org/wikipedia/commons/7/7b/SBS_Australia_2023.svg,
FTA,SBS,SBS HD,30,,24 hours,1080i HDTV (MPEG-4),Simulcast of SBS,Nationwide,https://upload.wikimedia.org/wikipedia/commons/7/7b/SBS_Australia_2023.svg,
FTA,SBS,SBS Viceland,31,,24 hours,576i SDTV,Youth/alt; AU & foreign,Nationwide,https://upload.wikimedia.org/wikipedia/commons/5/5e/SBS_Viceland_2016_Logo.svg,
FTA,SBS,SBS World Movies,32,,24 hours,576i SDTV,Movies (foreign & AU),Nationwide,https://upload.wikimedia.org/wikipedia/commons/3/31/SBS_World_Movies_logo.svg,
FTA,SBS,SBS Food,33,,24 hours,576i SDTV,Lifestyle & cooking,Nationwide,https://upload.wikimedia.org/wikipedia/commons/9/98/SBS_Food_logo.svg,
FTA,SBS,NITV,34,,24 hours,1080i HDTV (MPEG-4),Indigenous programming,Nationwide,https://upload.wikimedia.org/wikipedia/commons/7/7a/NITV_2016_logo.svg,
FTA,SBS,SBS WorldWatch,35,,24 hours,576i SDTV (MPEG-4),World news bulletins,Nationwide,https://upload.wikimedia.org/wikipedia/commons/5/57/SBS_WorldWatch_logo.svg,
FTA,Seven (Metro),Seven,7,,24 hours,Varies,Seven metro service,"Metro NSW – Sydney: Sydney, Parramatta, Penrith, Campbelltown, Sutherland, Northern Beaches",https://upload.wikimedia.org/wikipedia/commons/2/2e/Seven_Network_logo.svg,
FTA,Seven (Metro),7two,72,,24 hours,Varies,Seven metro service,"Metro NSW – Sydney: Sydney, Parramatta, Penrith, Campbelltown, Sutherland, Northern Beaches",https://upload.wikimedia.org/wikipedia/commons/2/2a/7TWO_logo.svg,
FTA,Seven (Metro),7mate,73,,24 hours,Varies,Seven metro service,"Metro NSW – Sydney: Sydney, Parramatta, Penrith, Campbelltown, Sutherland, Northern Beaches",https://upload.wikimedia.org/wikipedia/commons/3/33/7mate_logo.svg,
FTA,Seven (Metro),7Bravo,75,,24 hours,Varies,Seven metro service,"Metro NSW – Sydney: Sydney, Parramatta, Penrith, Campbelltown, Sutherland, Northern Beaches",https://upload.wikimedia.org/wikipedia/commons/4/43/7Bravo_logo.svg,
FTA,Seven (Metro),7flix,76,,24 hours,Varies,Seven metro service,"Metro NSW – Sydney: Sydney, Parramatta, Penrith, Campbelltown, Sutherland, Northern Beaches",https://upload.wikimedia.org/wikipedia/commons/d/d1/7flix_logo_2020.svg,
FTA,Seven (Metro),Racing.com,78,,24 hours,Varies,Seven metro service,"Metro NSW – Sydney: Sydney, Parramatta, Penrith, Campbelltown, Sutherland, Northern Beaches",https://upload.wikimedia.org/wikipedia/en/2/2e/Racing.com_logo.png,
FTA,Nine (Metro),Nine,9,,24 hours,Varies,Nine metro service,"Metro NSW – Sydney: Sydney, Parramatta, Penrith, Campbelltown, Sutherland, Northern Beaches",https://upload.wikimedia.org/wikipedia/commons/9/9d/Nine_Network_2019_logo.svg,
FTA,Nine (Metro),9Gem,92,,24 hours,Varies,Nine metro service,"Metro NSW – Sydney: Sydney, Parramatta, Penrith, Campbelltown, Sutherland, Northern Beaches",https://upload.wikimedia.org/wikipedia/commons/2/2a/9Gem_2015_logo.svg,
FTA,Nine (Metro),9Go!,93,,24 hours,Varies,Nine metro service,"Metro NSW – Sydney: Sydney, Parramatta, Penrith, Campbelltown, Sutherland, Northern Beaches",https://upload.wikimedia.org/wikipedia/commons/f/fd/9Go%21_2015_logo.svg,
FTA,Nine (Metro),9Life,94,,24 hours,Varies,Nine metro service,"Metro NSW – Sydney: Sydney, Parramatta, Penrith, Campbelltown, Sutherland, Northern Beaches",https://upload.wikimedia.org/wikipedia/commons/5/50/9Life_2015_Logo.svg,
FTA,Nine (Metro),9Rush,96,,24 hours,Varies,Nine metro service,"Metro NSW – Sydney: Sydney, Parramatta, Penrith, Campbelltown, Sutherland, Northern Beaches",https://upload.wikimedia.org/wikipedia/commons/a/ae/9Rush_logo_2020.svg,
FTA,Nine (Metro),Extra,97,,24 hours,Varies,Nine metro service,"Metro NSW – Sydney: Sydney, Parramatta, Penrith, Campbelltown, Sutherland, Northern Beaches",https://upload.wikimedia.org/wikipedia/commons/2/2e/Extra_Australia_logo.svg,
FTA,Network 10 (Metro),10,10,,24 hours,Varies,Ten metro service,"Metro NSW – Sydney: Sydney, Parramatta, Penrith, Campbelltown, Sutherland, Northern Beaches",https://upload.wikimedia.org/wikipedia/commons/3/3c/Network_10_logo_2018.svg,
FTA,Network 10 (Metro),10 Peach,11,,24 hours,Varies,Ten metro service,"Metro NSW – Sydney: Sydney, Parramatta, Penrith, Campbelltown, Sutherland, Northern Beaches",https://upload.wikimedia.org/wikipedia/commons/1/1e/10_Peach_2018.svg,
FTA,Network 10 (Metro),10 Bold,12,,24 hours,Varies,Ten metro service,"Metro NSW – Sydney: Sydney, Parramatta, Penrith, Campbelltown, Sutherland, Northern Beaches",https://upload.wikimedia.org/wikipedia/commons/a/a3/10_Bold_2018.svg,
FTA,Network 10 (Metro),Nickelodeon,13,,24 hours,Varies,Ten metro service,"Metro NSW – Sydney: Sydney, Parramatta, Penrith, Campbelltown, Sutherland, Northern Beaches",https://upload.wikimedia.org/wikipedia/commons/6/6c/Nickelodeon_2023_logo_%28outline%29.svg,
FTA,Seven (Metro),Seven,7,,24 hours,Varies,Seven metro service,"Metro VIC – Melbourne: Melbourne, Geelong, Frankston, Dandenong, Sunshine, Werribee",https://upload.wikimedia.org/wikipedia/commons/2/2e/Seven_Network_logo.svg,
FTA,Seven (Metro),7two,72,,24 hours,Varies,Seven metro service,"Metro VIC – Melbourne: Melbourne, Geelong, Frankston, Dandenong, Sunshine, Werribee",https://upload.wikimedia.org/wikipedia/commons/2/2a/7TWO_logo.svg,
FTA,Seven (Metro),7mate,73,,24 hours,Varies,Seven metro service,"Metro VIC – Melbourne: Melbourne, Geelong, Frankston, Dandenong, Sunshine, Werribee",https://upload.wikimedia.org/wikipedia/commons/3/33/7mate_logo.svg,
FTA,Seven (Metro),7Bravo,75,,24 hours,Varies,Seven metro service,"Metro VIC – Melbourne: Melbourne, Geelong, Frankston, Dandenong, Sunshine, Werribee",https://upload.wikimedia.org/wikipedia/commons/4/43/7Bravo_logo.svg,
FTA,Seven (Metro),7flix,76,,24 hours,Varies,Seven metro service,"Metro VIC – Melbourne: Melbourne, Geelong, Frankston, Dandenong, Sunshine, Werribee",https://upload.wikimedia.org/wikipedia/commons/d/d1/7flix_logo_2020.svg,
FTA,Seven (Metro),Racing.com,78,,24 hours,Varies,Seven metro service,"Metro VIC – Melbourne: Melbourne, Geelong, Frankston, Dandenong, Sunshine, Werribee",https://upload.wikimedia.org/wikipedia/en/2/2e/Racing.com_logo.png,
FTA,Nine (Metro),Nine,9,,24 hours,Varies,Nine metro service,"Metro VIC – Melbourne: Melbourne, Geelong, Frankston, Dandenong, Sunshine, Werribee",https://upload.wikimedia.org/wikipedia/commons/9/9d/Nine_Network_2019_logo.svg,
FTA,Nine (Metro),9Gem,92,,24 hours,Varies,Nine metro service,"Metro VIC – Melbourne: Melbourne, Geelong, Frankston, Dandenong, Sunshine, Werribee",https://upload.wikimedia.org/wikipedia/commons/2/2a/9Gem_2015_logo.svg,
FTA,Nine (Metro),9Go!,93,,24 hours,Varies,Nine metro service,"Metro VIC – Melbourne: Melbourne, Geelong, Frankston, Dandenong, Sunshine, Werribee",https://upload.wikimedia.org/wikipedia/commons/f/fd/9Go%21_2015_logo.svg,
FTA,Nine (Metro),9Life,94,,24 hours,Varies,Nine metro service,"Metro VIC – Melbourne: Melbourne, Geelong, Frankston, Dandenong, Sunshine, Werribee",https://upload.wikimedia.org/wikipedia/commons/5/50/9Life_2015_Logo.svg,
FTA,Nine (Metro),9Rush,96,,24 hours,Varies,Nine metro service,"Metro VIC – Melbourne: Melbourne, Geelong, Frankston, Dandenong, Sunshine, Werribee",https://upload.wikimedia.org/wikipedia/commons/a/ae/9Rush_logo_2020.svg,
FTA,Nine (Metro),Extra,97,,24 hours,Varies,Nine metro service,"Metro VIC – Melbourne: Melbourne, Geelong, Frankston, Dandenong, Sunshine, Werribee",https://upload.wikimedia.org/wikipedia/commons/2/2e/Extra_Australia_logo.svg,
FTA,Network 10 (Metro),10,10,,24 hours,Varies,Ten metro service,"Metro VIC – Melbourne: Melbourne, Geelong, Frankston, Dandenong, Sunshine, Werribee",https://upload.wikimedia.org/wikipedia/commons/3/3c/Network_10_logo_2018.svg,
FTA,Network 10 (Metro),10 Peach,11,,24 hours,Varies,Ten metro service,"Metro VIC – Melbourne: Melbourne, Geelong, Frankston, Dandenong, Sunshine, Werribee",https://upload.wikimedia.org/wikipedia/commons/1/1e/10_Peach_2018.svg,
FTA,Network 10 (Metro),10 Bold,12,,24 hours,Varies,Ten metro service,"Metro VIC – Melbourne: Melbourne, Geelong, Frankston, Dandenong, Sunshine, Werribee",https://upload.wikimedia.org/wikipedia/commons/a/a3/10_Bold_2018.svg,
FTA,Network 10 (Metro),Nickelodeon,13,,24 hours,Varies,Ten metro service,"Metro VIC – Melbourne: Melbourne, Geelong, Frankston, Dandenong, Sunshine, Werribee",https://upload.wikimedia.org/wikipedia/commons/6/6c/Nickelodeon_2023_logo_%28outline%29.svg,
FTA,Seven (Prime7 NSW),Seven,6 / 60 HD,,24 hours,Varies,Seven affiliate,"Regional NSW – Illawarra / South Coast: Wollongong, Shellharbour, Kiama, Nowra, Bomaderry, Ulladulla",https://upload.wikimedia.org/wikipedia/commons/2/2e/Seven_Network_logo.svg,
FTA,Seven (Prime7 NSW),7two,62,,24 hours,Varies,Seven affiliate,"Regional NSW – Illawarra / South Coast: Wollongong, Shellharbour, Kiama, Nowra, Bomaderry, Ulladulla",https://upload.wikimedia.org/wikipedia/commons/2/2a/7TWO_logo.svg,
FTA,Seven (Prime7 NSW),7mate,63,,24 hours,Varies,Seven affiliate,"Regional NSW – Illawarra / South Coast: Wollongong, Shellharbour, Kiama, Nowra, Bomaderry, Ulladulla",https://upload.wikimedia.org/wikipedia/commons/3/33/7mate_logo.svg,
FTA,Seven (Prime7 NSW),7Bravo,65,,24 hours,Varies,Seven affiliate,"Regional NSW – Illawarra / South Coast: Wollongong, Shellharbour, Kiama, Nowra, Bomaderry, Ulladulla",https://upload.wikimedia.org/wikipedia/commons/4/43/7Bravo_logo.svg,
FTA,Seven (Prime7 NSW),7flix,66,,24 hours,Varies,Seven affiliate,"Regional NSW – Illawarra / South Coast: Wollongong, Shellharbour, Kiama, Nowra, Bomaderry, Ulladulla",https://upload.wikimedia.org/wikipedia/commons/d/d1/7flix_logo_2020.svg,
FTA,Seven (Prime7 NSW),Racing.com,68,,24 hours,Varies,Seven affiliate,"Regional NSW – Illawarra / South Coast: Wollongong, Shellharbour, Kiama, Nowra, Bomaderry, Ulladulla",https://upload.wikimedia.org/wikipedia/en/2/2e/Racing.com_logo.png,
FTA,Nine (WIN NSW),Nine,8 / 80 HD,,24 hours,Varies,Nine affiliate,"Regional NSW – Illawarra / South Coast: Wollongong, Shellharbour, Kiama, Nowra, Bomaderry, Ulladulla",https://upload.wikimedia.org/wikipedia/commons/9/9d/Nine_Network_2019_logo.svg,
FTA,Nine (WIN NSW),9Gem,81,,24 hours,Varies,Nine affiliate,"Regional NSW – Illawarra / South Coast: Wollongong, Shellharbour, Kiama, Nowra, Bomaderry, Ulladulla",https://upload.wikimedia.org/wikipedia/commons/2/2a/9Gem_2015_logo.svg,
FTA,Nine (WIN NSW),9Go!,82,,24 hours,Varies,Nine affiliate,"Regional NSW – Illawarra / South Coast: Wollongong, Shellharbour, Kiama, Nowra, Bomaderry, Ulladulla",https://upload.wikimedia.org/wikipedia/commons/f/fd/9Go%21_2015_logo.svg,
FTA,Nine (WIN NSW),9Life,83,,24 hours,Varies,Nine affiliate,"Regional NSW – Illawarra / South Coast: Wollongong, Shellharbour, Kiama, Nowra, Bomaderry, Ulladulla",https://upload.wikimedia.org/wikipedia/commons/5/50/9Life_2015_Logo.svg,
FTA,Nine (WIN NSW),9Rush,86/88,,24 hours,Varies,Nine affiliate,"Regional NSW – Illawarra / South Coast: Wollongong, Shellharbour, Kiama, Nowra, Bomaderry, Ulladulla",https://upload.wikimedia.org/wikipedia/commons/a/ae/9Rush_logo_2020.svg,
FTA,Nine (WIN NSW),Extra,85/87,,24 hours,Varies,Nine affiliate,"Regional NSW – Illawarra / South Coast: Wollongong, Shellharbour, Kiama, Nowra, Bomaderry, Ulladulla",https://upload.wikimedia.org/wikipedia/commons/2/2e/Extra_Australia_logo.svg,
FTA,10 (Southern Cross NSW),10,5 / 50 HD,,24 hours,Varies,Ten affiliate,"Regional NSW – Illawarra / South Coast: Wollongong, Shellharbour, Kiama, Nowra, Bomaderry, Ulladulla",https://upload.wikimedia.org/wikipedia/commons/3/3c/Network_10_logo_2018.svg,
FTA,10 (Southern Cross NSW),10 Peach,52,,24 hours,Varies,Ten affiliate,"Regional NSW – Illawarra / South Coast: Wollongong, Shellharbour, Kiama, Nowra, Bomaderry, Ulladulla",https://upload.wikimedia.org/wikipedia/commons/1/1e/10_Peach_2018.svg,
FTA,10 (Southern Cross NSW),10 Bold,53,,24 hours,Varies,Ten affiliate,"Regional NSW – Illawarra / South Coast: Wollongong, Shellharbour, Kiama, Nowra, Bomaderry, Ulladulla",https://upload.wikimedia.org/wikipedia/commons/a/a3/10_Bold_2018.svg,
FTA,10 (Southern Cross NSW),Nickelodeon,54,,24 hours,Varies,Ten affiliate,"Regional NSW – Illawarra / South Coast: Wollongong, Shellharbour, Kiama, Nowra, Bomaderry, Ulladulla",https://upload.wikimedia.org/wikipedia/commons/6/6c/Nickelodeon_2023_logo_%28outline%29.svg,
FTA,10 (Southern Cross NSW),Sky News Regional,56,,24 hours,Varies,Ten affiliate,"Regional NSW – Illawarra / South Coast: Wollongong, Shellharbour, Kiama, Nowra, Bomaderry, Ulladulla",https://upload.wikimedia.org/wikipedia/commons/4/4a/Sky_News_Regional_Australia_logo.png,
FTA,10 (Southern Cross NSW),gecko,57,,24 hours,Varies,Ten affiliate,"Regional NSW – Illawarra / South Coast: Wollongong, Shellharbour, Kiama, Nowra, Bomaderry, Ulladulla",,
FTA,10 (Southern Cross NSW),you.tv,58,,24 hours,Varies,Ten affiliate,"Regional NSW – Illawarra / South Coast: Wollongong, Shellharbour, Kiama, Nowra, Bomaderry, Ulladulla",,
FTA,Seven (Prime7 NSW),Seven,6 / 60 HD,,24 hours,Varies,Seven affiliate,"Regional NSW – Far South Coast: Batemans Bay, Moruya, Narooma, Bermagui, Bega, Merimbula, Eden, Pambula",https://upload.wikimedia.org/wikipedia/commons/2/2e/Seven_Network_logo.svg,
FTA,Seven (Prime7 NSW),7two,62,,24 hours,Varies,Seven affiliate,"Regional NSW – Far South Coast: Batemans Bay, Moruya, Narooma, Bermagui, Bega, Merimbula, Eden, Pambula",https://upload.wikimedia.org/wikipedia/commons/2/2a/7TWO_logo.svg,
FTA,Seven (Prime7 NSW),7mate,63,,24 hours,Varies,Seven affiliate,"Regional NSW – Far South Coast: Batemans Bay, Moruya, Narooma, Bermagui, Bega, Merimbula, Eden, Pambula",https://upload.wikimedia.org/wikipedia/commons/3/33/7mate_logo.svg,
FTA,Seven (Prime7 NSW),7Bravo,65,,24 hours,Varies,Seven affiliate,"Regional NSW – Far South Coast: Batemans Bay, Moruya, Narooma, Bermagui, Bega, Merimbula, Eden, Pambula",https://upload.wikimedia.org/wikipedia/commons/4/43/7Bravo_logo.svg,
FTA,Seven (Prime7 NSW),7flix,66,,24 hours,Varies,Seven affiliate,"Regional NSW – Far South Coast: Batemans Bay, Moruya, Narooma, Bermagui, Bega, Merimbula, Eden, Pambula",https://upload.wikimedia.org/wikipedia/commons/d/d1/7flix_logo_2020.svg,
FTA,Seven (Prime7 NSW),Racing.com,68,,24 hours,Varies,Seven affiliate,"Regional NSW – Far South Coast: Batemans Bay, Moruya, Narooma, Bermagui, Bega, Merimbula, Eden, Pambula",https://upload.wikimedia.org/wikipedia/en/2/2e/Racing.com_logo.png,
FTA,Nine (WIN NSW),Nine,8 / 80 HD,,24 hours,Varies,Nine affiliate,"Regional NSW – Far South Coast: Batemans Bay, Moruya, Narooma, Bermagui, Bega, Merimbula, Eden, Pambula",https://upload.wikimedia.org/wikipedia/commons/9/9d/Nine_Network_2019_logo.svg,
FTA,Nine (WIN NSW),9Gem,81,,24 hours,Varies,Nine affiliate,"Regional NSW – Far South Coast: Batemans Bay, Moruya, Narooma, Bermagui, Bega, Merimbula, Eden, Pambula",https://upload.wikimedia.org/wikipedia/commons/2/2a/9Gem_2015_logo.svg,
FTA,Nine (WIN NSW),9Go!,82,,24 hours,Varies,Nine affiliate,"Regional NSW – Far South Coast: Batemans Bay, Moruya, Narooma, Bermagui, Bega, Merimbula, Eden, Pambula",https://upload.wikimedia.org/wikipedia/commons/f/fd/9Go%21_2015_logo.svg,
FTA,Nine (WIN NSW),9Life,83,,24 hours,Varies,Nine affiliate,"Regional NSW – Far South Coast: Batemans Bay, Moruya, Narooma, Bermagui, Bega, Merimbula, Eden, Pambula",https://upload.wikimedia.org/wikipedia/commons/5/50/9Life_2015_Logo.svg,
FTA,Nine (WIN NSW),9Rush,86/88,,24 hours,Varies,Nine affiliate,"Regional NSW – Far South Coast: Batemans Bay, Moruya, Narooma, Bermagui, Bega, Merimbula, Eden, Pambula",https://upload.wikimedia.org/wikipedia/commons/a/ae/9Rush_logo_2020.svg,
FTA,Nine (WIN NSW),Extra,85/87,,24 hours,Varies,Nine affiliate,"Regional NSW – Far South Coast: Batemans Bay, Moruya, Narooma, Bermagui, Bega, Merimbula, Eden, Pambula",https://upload.wikimedia.org/wikipedia/commons/2/2e/Extra_Australia_logo.svg,
FTA,10 (Southern Cross NSW),10,5 / 50 HD,,24 hours,Varies,Ten affiliate,"Regional NSW – Far South Coast: Batemans Bay, Moruya, Narooma, Bermagui, Bega, Merimbula, Eden, Pambula",https://upload.wikimedia.org/wikipedia/commons/3/3c/Network_10_logo_2018.svg,
FTA,10 (Southern Cross NSW),10 Peach,52,,24 hours,Varies,Ten affiliate,"Regional NSW – Far South Coast: Batemans Bay, Moruya, Narooma, Bermagui, Bega, Merimbula, Eden, Pambula",https://upload.wikimedia.org/wikipedia/commons/1/1e/10_Peach_2018.svg,
FTA,10 (Southern Cross NSW),10 Bold,53,,24 hours,Varies,Ten affiliate,"Regional NSW – Far South Coast: Batemans Bay, Moruya, Narooma, Bermagui, Bega, Merimbula, Eden, Pambula",https://upload.wikimedia.org/wikipedia/commons/a/a3/10_Bold_2018.svg,
FTA,10 (Southern Cross NSW),Nickelodeon,54,,24 hours,Varies,Ten affiliate,"Regional NSW – Far South Coast: Batemans Bay, Moruya, Narooma, Bermagui, Bega, Merimbula, Eden, Pambula",https://upload.wikimedia.org/wikipedia/commons/6/6c/Nickelodeon_2023_logo_%28outline%29.svg,
FTA,10 (Southern Cross NSW),Sky News Regional,56,,24 hours,Varies,Ten affiliate,"Regional NSW – Far South Coast: Batemans Bay, Moruya, Narooma, Bermagui, Bega, Merimbula, Eden, Pambula",https://upload.wikimedia.org/wikipedia/commons/4/4a/Sky_News_Regional_Australia_logo.png,
FTA,10 (Southern Cross NSW),gecko,57,,24 hours,Varies,Ten affiliate,"Regional NSW – Far South Coast: Batemans Bay, Moruya, Narooma, Bermagui, Bega, Merimbula, Eden, Pambula",,
FTA,10 (Southern Cross NSW),you.tv,58,,24 hours,Varies,Ten affiliate,"Regional NSW – Far South Coast: Batemans Bay, Moruya, Narooma, Bermagui, Bega, Merimbula, Eden, Pambula",,
FTA,Seven (Prime7 NSW),Seven,6 / 60 HD,,24 hours,Varies,Seven affiliate,"Regional NSW – Central Coast (NBN/NRN): Gosford, Wyong, Woy Woy, The Entrance",https://upload.wikimedia.org/wikipedia/commons/2/2e/Seven_Network_logo.svg,
FTA,Seven (Prime7 NSW),7two,62,,24 hours,Varies,Seven affiliate,"Regional NSW – Central Coast (NBN/NRN): Gosford, Wyong, Woy Woy, The Entrance",https://upload.wikimedia.org/wikipedia/commons/2/2a/7TWO_logo.svg,
FTA,Seven (Prime7 NSW),7mate,63,,24 hours,Varies,Seven affiliate,"Regional NSW – Central Coast (NBN/NRN): Gosford, Wyong, Woy Woy, The Entrance",https://upload.wikimedia.org/wikipedia/commons/3/33/7mate_logo.svg,
FTA,Seven (Prime7 NSW),7Bravo,65,,24 hours,Varies,Seven affiliate,"Regional NSW – Central Coast (NBN/NRN): Gosford, Wyong, Woy Woy, The Entrance",https://upload.wikimedia.org/wikipedia/commons/4/43/7Bravo_logo.svg,
FTA,Seven (Prime7 NSW),7flix,66,,24 hours,Varies,Seven affiliate,"Regional NSW – Central Coast (NBN/NRN): Gosford, Wyong, Woy Woy, The Entrance",https://upload.wikimedia.org/wikipedia/commons/d/d1/7flix_logo_2020.svg,
FTA,Seven (Prime7 NSW),Racing.com,68,,24 hours,Varies,Seven affiliate,"Regional NSW – Central Coast (NBN/NRN): Gosford, Wyong, Woy Woy, The Entrance",https://upload.wikimedia.org/wikipedia/en/2/2e/Racing.com_logo.png,
FTA,Nine (NBN/NRN),Nine,8 / 80 HD,,24 hours,Varies,Nine affiliate,"Regional NSW – Central Coast (NBN/NRN): Gosford, Wyong, Woy Woy, The Entrance",https://upload.wikimedia.org/wikipedia/commons/9/9d/Nine_Network_2019_logo.svg,
FTA,Nine (NBN/NRN),9Gem,81,,24 hours,Varies,Nine affiliate,"Regional NSW – Central Coast (NBN/NRN): Gosford, Wyong, Woy Woy, The Entrance",https://upload.wikimedia.org/wikipedia/commons/2/2a/9Gem_2015_logo.svg,
FTA,Nine (NBN/NRN),9Go!,82,,24 hours,Varies,Nine affiliate,"Regional NSW – Central Coast (NBN/NRN): Gosford, Wyong, Woy Woy, The Entrance",https://upload.wikimedia.org/wikipedia/commons/f/fd/9Go%21_2015_logo.svg,
FTA,Nine (NBN/NRN),9Life,83,,24 hours,Varies,Nine affiliate,"Regional NSW – Central Coast (NBN/NRN): Gosford, Wyong, Woy Woy, The Entrance",https://upload.wikimedia.org/wikipedia/commons/5/50/9Life_2015_Logo.svg,
FTA,Nine (NBN/NRN),9Rush,86/88,,24 hours,Varies,Nine affiliate,"Regional NSW – Central Coast (NBN/NRN): Gosford, Wyong, Woy Woy, The Entrance",https://upload.wikimedia.org/wikipedia/commons/a/ae/9Rush_logo_2020.svg,
FTA,Nine (NBN/NRN),Extra,85/87,,24 hours,Varies,Nine affiliate,"Regional NSW – Central Coast (NBN/NRN): Gosford, Wyong, Woy Woy, The Entrance",https://upload.wikimedia.org/wikipedia/commons/2/2e/Extra_Australia_logo.svg,
FTA,10 (NRN – Northern NSW),10,5 / 50 HD,,24 hours,Varies,Ten affiliate,"Regional NSW – Central Coast (NBN/NRN): Gosford, Wyong, Woy Woy, The Entrance",https://upload.wikimedia.org/wikipedia/commons/3/3c/Network_10_logo_2018.svg,
FTA,10 (NRN – Northern NSW),10 Peach,52,,24 hours,Varies,Ten affiliate,"Regional NSW – Central Coast (NBN/NRN): Gosford, Wyong, Woy Woy, The Entrance",https://upload.wikimedia.org/wikipedia/commons/1/1e/10_Peach_2018.svg,
FTA,10 (NRN – Northern NSW),10 Bold,53,,24 hours,Varies,Ten affiliate,"Regional NSW – Central Coast (NBN/NRN): Gosford, Wyong, Woy Woy, The Entrance",https://upload.wikimedia.org/wikipedia/commons/a/a3/10_Bold_2018.svg,
FTA,10 (NRN – Northern NSW),Nickelodeon,54,,24 hours,Varies,Ten affiliate,"Regional NSW – Central Coast (NBN/NRN): Gosford, Wyong, Woy Woy, The Entrance",https://upload.wikimedia.org/wikipedia/commons/6/6c/Nickelodeon_2023_logo_%28outline%29.svg,
FTA,10 (NRN – Northern NSW),Sky News Regional,56,,24 hours,Varies,Ten affiliate,"Regional NSW – Central Coast (NBN/NRN): Gosford, Wyong, Woy Woy, The Entrance",https://upload.wikimedia.org/wikipedia/commons/4/4a/Sky_News_Regional_Australia_logo.png,
FTA,10 (NRN – Northern NSW),gecko,57,,24 hours,Varies,Ten affiliate,"Regional NSW – Central Coast (NBN/NRN): Gosford, Wyong, Woy Woy, The Entrance",,
FTA,10 (NRN – Northern NSW),you.tv,58,,24 hours,Varies,Ten affiliate,"Regional NSW – Central Coast (NBN/NRN): Gosford, Wyong, Woy Woy, The Entrance",,
FTA,Seven (Prime7 NSW),Seven,6 / 60 HD,,24 hours,Varies,Seven affiliate,"Regional NSW – Hunter / Newcastle (NBN): Newcastle, Maitland, Cessnock, Singleton, Raymond Terrace, Port Stephens",https://upload.wikimedia.org/wikipedia/commons/2/2e/Seven_Network_logo.svg,
FTA,Seven (Prime7 NSW),7two,62,,24 hours,Varies,Seven affiliate,"Regional NSW – Hunter / Newcastle (NBN): Newcastle, Maitland, Cessnock, Singleton, Raymond Terrace, Port Stephens",https://upload.wikimedia.org/wikipedia/commons/2/2a/7TWO_logo.svg,
FTA,Seven (Prime7 NSW),7mate,63,,24 hours,Varies,Seven affiliate,"Regional NSW – Hunter / Newcastle (NBN): Newcastle, Maitland, Cessnock, Singleton, Raymond Terrace, Port Stephens",https://upload.wikimedia.org/wikipedia/commons/3/33/7mate_logo.svg,
FTA,Seven (Prime7 NSW),7Bravo,65,,24 hours,Varies,Seven affiliate,"Regional NSW – Hunter / Newcastle (NBN): Newcastle, Maitland, Cessnock, Singleton, Raymond Terrace, Port Stephens",https://upload.wikimedia.org/wikipedia/commons/4/43/7Bravo_logo.svg,
FTA,Seven (Prime7 NSW),7flix,66,,24 hours,Varies,Seven affiliate,"Regional NSW – Hunter / Newcastle (NBN): Newcastle, Maitland, Cessnock, Singleton, Raymond Terrace, Port Stephens",https://upload.wikimedia.org/wikipedia/commons/d/d1/7flix_logo_2020.svg,
FTA,Seven (Prime7 NSW),Racing.com,68,,24 hours,Varies,Seven affiliate,"Regional NSW – Hunter / Newcastle (NBN): Newcastle, Maitland, Cessnock, Singleton, Raymond Terrace, Port Stephens",https://upload.wikimedia.org/wikipedia/en/2/2e/Racing.com_logo.png,
FTA,Nine (NBN/NRN),Nine,8 / 80 HD,,24 hours,Varies,Nine affiliate,"Regional NSW – Hunter / Newcastle (NBN): Newcastle, Maitland, Cessnock, Singleton, Raymond Terrace, Port Stephens",https://upload.wikimedia.org/wikipedia/commons/9/9d/Nine_Network_2019_logo.svg,
FTA,Nine (NBN/NRN),9Gem,81,,24 hours,Varies,Nine affiliate,"Regional NSW – Hunter / Newcastle (NBN): Newcastle, Maitland, Cessnock, Singleton, Raymond Terrace, Port Stephens",https://upload.wikimedia.org/wikipedia/commons/2/2a/9Gem_2015_logo.svg,
FTA,Nine (NBN/NRN),9Go!,82,,24 hours,Varies,Nine affiliate,"Regional NSW – Hunter / Newcastle (NBN): Newcastle, Maitland, Cessnock, Singleton, Raymond Terrace, Port Stephens",https://upload.wikimedia.org/wikipedia/commons/f/fd/9Go%21_2015_logo.svg,
FTA,Nine (NBN/NRN),9Life,83,,24 hours,Varies,Nine affiliate,"Regional NSW – Hunter / Newcastle (NBN): Newcastle, Maitland, Cessnock, Singleton, Raymond Terrace, Port Stephens",https://upload.wikimedia.org/wikipedia/commons/5/50/9Life_2015_Logo.svg,
FTA,Nine (NBN/NRN),9Rush,86/88,,24 hours,Varies,Nine affiliate,"Regional NSW – Hunter / Newcastle (NBN): Newcastle, Maitland, Cessnock, Singleton, Raymond Terrace, Port Stephens",https://upload.wikimedia.org/wikipedia/commons/a/ae/9Rush_logo_2020.svg,
FTA,Nine (NBN/NRN),Extra,85/87,,24 hours,Varies,Nine affiliate,"Regional NSW – Hunter / Newcastle (NBN): Newcastle, Maitland, Cessnock, Singleton, Raymond Terrace, Port Stephens",https://upload.wikimedia.org/wikipedia/commons/2/2e/Extra_Australia_logo.svg,
FTA,10 (NRN – Northern NSW),10,5 / 50 HD,,24 hours,Varies,Ten affiliate,"Regional NSW – Hunter / Newcastle (NBN): Newcastle, Maitland, Cessnock, Singleton, Raymond Terrace, Port Stephens",https://upload.wikimedia.org/wikipedia/commons/3/3c/Network_10_logo_2018.svg,
FTA,10 (NRN – Northern NSW),10 Peach,52,,24 hours,Varies,Ten affiliate,"Regional NSW – Hunter / Newcastle (NBN): Newcastle, Maitland, Cessnock, Singleton, Raymond Terrace, Port Stephens",https://upload.wikimedia.org/wikipedia/commons/1/1e/10_Peach_2018.svg,
FTA,10 (NRN – Northern NSW),10 Bold,53,,24 hours,Varies,Ten affiliate,"Regional NSW – Hunter / Newcastle (NBN): Newcastle, Maitland, Cessnock, Singleton, Raymond Terrace, Port Stephens",https://upload.wikimedia.org/wikipedia/commons/a/a3/10_Bold_2018.svg,
FTA,10 (NRN – Northern NSW),Nickelodeon,54,,24 hours,Varies,Ten affiliate,"Regional NSW – Hunter / Newcastle (NBN): Newcastle, Maitland, Cessnock, Singleton, Raymond Terrace, Port Stephens",https://upload.wikimedia.org/wikipedia/commons/6/6c/Nickelodeon_2023_logo_%28outline%29.svg,
FTA,10 (NRN – Northern NSW),Sky News Regional,56,,24 hours,Varies,Ten affiliate,"Regional NSW – Hunter / Newcastle (NBN): Newcastle, Maitland, Cessnock, Singleton, Raymond Terrace, Port Stephens",https://upload.wikimedia.org/wikipedia/commons/4/4a/Sky_News_Regional_Australia_logo.png,
FTA,10 (NRN – Northern NSW),gecko,57,,24 hours,Varies,Ten affiliate,"Regional NSW – Hunter / Newcastle (NBN): Newcastle, Maitland, Cessnock, Singleton, Raymond Terrace, Port Stephens",,
FTA,10 (NRN – Northern NSW),you.tv,58,,24 hours,Varies,Ten affiliate,"Regional NSW – Hunter / Newcastle (NBN): Newcastle, Maitland, Cessnock, Singleton, Raymond Terrace, Port Stephens",,
FTA,Seven (Prime7 NSW),Seven,6 / 60 HD,,24 hours,Varies,Seven affiliate,"Regional NSW – Mid North Coast (NRN): Taree, Port Macquarie, Kempsey, Coffs Harbour, Nambucca, Bellingen",https://upload.wikimedia.org/wikipedia/commons/2/2e/Seven_Network_logo.svg,
FTA,Seven (Prime7 NSW),7two,62,,24 hours,Varies,Seven affiliate,"Regional NSW – Mid North Coast (NRN): Taree, Port Macquarie, Kempsey, Coffs Harbour, Nambucca, Bellingen",https://upload.wikimedia.org/wikipedia/commons/2/2a/7TWO_logo.svg,
FTA,Seven (Prime7 NSW),7mate,63,,24 hours,Varies,Seven affiliate,"Regional NSW – Mid North Coast (NRN): Taree, Port Macquarie, Kempsey, Coffs Harbour, Nambucca, Bellingen",https://upload.wikimedia.org/wikipedia/commons/3/33/7mate_logo.svg,
FTA,Seven (Prime7 NSW),7Bravo,65,,24 hours,Varies,Seven affiliate,"Regional NSW – Mid North Coast (NRN): Taree, Port Macquarie, Kempsey, Coffs Harbour, Nambucca, Bellingen",https://upload.wikimedia.org/wikipedia/commons/4/43/7Bravo_logo.svg,
FTA,Seven (Prime7 NSW),7flix,66,,24 hours,Varies,Seven affiliate,"Regional NSW – Mid North Coast (NRN): Taree, Port Macquarie, Kempsey, Coffs Harbour, Nambucca, Bellingen",https://upload.wikimedia.org/wikipedia/commons/d/d1/7flix_logo_2020.svg,
FTA,Seven (Prime7 NSW),Racing.com,68,,24 hours,Varies,Seven affiliate,"Regional NSW – Mid North Coast (NRN): Taree, Port Macquarie, Kempsey, Coffs Harbour, Nambucca, Bellingen",https://upload.wikimedia.org/wikipedia/en/2/2e/Racing.com_logo.png,
FTA,Nine (NBN/NRN),Nine,8 / 80 HD,,24 hours,Varies,Nine affiliate,"Regional NSW – Mid North Coast (NRN): Taree, Port Macquarie, Kempsey, Coffs Harbour, Nambucca, Bellingen",https://upload.wikimedia.org/wikipedia/commons/9/9d/Nine_Network_2019_logo.svg,
FTA,Nine (NBN/NRN),9Gem,81,,24 hours,Varies,Nine affiliate,"Regional NSW – Mid North Coast (NRN): Taree, Port Macquarie, Kempsey, Coffs Harbour, Nambucca, Bellingen",https://upload.wikimedia.org/wikipedia/commons/2/2a/9Gem_2015_logo.svg,
FTA,Nine (NBN/NRN),9Go!,82,,24 hours,Varies,Nine affiliate,"Regional NSW – Mid North Coast (NRN): Taree, Port Macquarie, Kempsey, Coffs Harbour, Nambucca, Bellingen",https://upload.wikimedia.org/wikipedia/commons/f/fd/9Go%21_2015_logo.svg,
FTA,Nine (NBN/NRN),9Life,83,,24 hours,Varies,Nine affiliate,"Regional NSW – Mid North Coast (NRN): Taree, Port Macquarie, Kempsey, Coffs Harbour, Nambucca, Bellingen",https://upload.wikimedia.org/wikipedia/commons/5/50/9Life_2015_Logo.svg,
FTA,Nine (NBN/NRN),9Rush,86/88,,24 hours,Varies,Nine affiliate,"Regional NSW – Mid North Coast (NRN): Taree, Port Macquarie, Kempsey, Coffs Harbour, Nambucca, Bellingen",https://upload.wikimedia.org/wikipedia/commons/a/ae/9Rush_logo_2020.svg,
FTA,Nine (NBN/NRN),Extra,85/87,,24 hours,Varies,Nine affiliate,"Regional NSW – Mid North Coast (NRN): Taree, Port Macquarie, Kempsey, Coffs Harbour, Nambucca, Bellingen",https://upload.wikimedia.org/wikipedia/commons/2/2e/Extra_Australia_logo.svg,
FTA,10 (NRN – Northern NSW),10,5 / 50 HD,,24 hours,Varies,Ten affiliate,"Regional NSW – Mid North Coast (NRN): Taree, Port Macquarie, Kempsey, Coffs Harbour, Nambucca, Bellingen",https://upload.wikimedia.org/wikipedia/commons/3/3c/Network_10_logo_2018.svg,
FTA,10 (NRN – Northern NSW),10 Peach,52,,24 hours,Varies,Ten affiliate,"Regional NSW – Mid North Coast (NRN): Taree, Port Macquarie, Kempsey, Coffs Harbour, Nambucca, Bellingen",https://upload.wikimedia.org/wikipedia/commons/1/1e/10_Peach_2018.svg,
FTA,10 (NRN – Northern NSW),10 Bold,53,,24 hours,Varies,Ten affiliate,"Regional NSW – Mid North Coast (NRN): Taree, Port Macquarie, Kempsey, Coffs Harbour, Nambucca, Bellingen",https://upload.wikimedia.org/wikipedia/commons/a/a3/10_Bold_2018.svg,
FTA,10 (NRN – Northern NSW),Nickelodeon,54,,24 hours,Varies,Ten affiliate,"Regional NSW – Mid North Coast (NRN): Taree, Port Macquarie, Kempsey, Coffs Harbour, Nambucca, Bellingen",https://upload.wikimedia.org/wikipedia/commons/6/6c/Nickelodeon_2023_logo_%28outline%29.svg,
FTA,10 (NRN – Northern NSW),Sky News Regional,56,,24 hours,Varies,Ten affiliate,"Regional NSW – Mid North Coast (NRN): Taree, Port Macquarie, Kempsey, Coffs Harbour, Nambucca, Bellingen",https://upload.wikimedia.org/wikipedia/commons/4/4a/Sky_News_Regional_Australia_logo.png,
FTA,10 (NRN – Northern NSW),gecko,57,,24 hours,Varies,Ten affiliate,"Regional NSW – Mid North Coast (NRN): Taree, Port Macquarie, Kempsey, Coffs Harbour, Nambucca, Bellingen",,
FTA,10 (NRN – Northern NSW),you.tv,58,,24 hours,Varies,Ten affiliate,"Regional NSW – Mid North Coast (NRN): Taree, Port Macquarie, Kempsey, Coffs Harbour, Nambucca, Bellingen",,
FTA,Seven (Prime7 NSW),Seven,6 / 60 HD,,24 hours,Varies,Seven affiliate,"Regional NSW – Northern Rivers (NRN): Grafton, Lismore, Ballina, Byron Bay, Tweed Heads, Murwillumbah",https://upload.wikimedia.org/wikipedia/commons/2/2e/Seven_Network_logo.svg,
FTA,Seven (Prime7 NSW),7two,62,,24 hours,Varies,Seven affiliate,"Regional NSW – Northern Rivers (NRN): Grafton, Lismore, Ballina, Byron Bay, Tweed Heads, Murwillumbah",https://upload.wikimedia.org/wikipedia/commons/2/2a/7TWO_logo.svg,
FTA,Seven (Prime7 NSW),7mate,63,,24 hours,Varies,Seven affiliate,"Regional NSW – Northern Rivers (NRN): Grafton, Lismore, Ballina, Byron Bay, Tweed Heads, Murwillumbah",https://upload.wikimedia.org/wikipedia/commons/3/33/7mate_logo.svg,
FTA,Seven (Prime7 NSW),7Bravo,65,,24 hours,Varies,Seven affiliate,"Regional NSW – Northern Rivers (NRN): Grafton, Lismore, Ballina, Byron Bay, Tweed Heads, Murwillumbah",https://upload.wikimedia.org/wikipedia/commons/4/43/7Bravo_logo.svg,
FTA,Seven (Prime7 NSW),7flix,66,,24 hours,Varies,Seven affiliate,"Regional NSW – Northern Rivers (NRN): Grafton, Lismore, Ballina, Byron Bay, Tweed Heads, Murwillumbah",https://upload.wikimedia.org/wikipedia/commons/d/d1/7flix_logo_2020.svg,
FTA,Seven (Prime7 NSW),Racing.com,68,,24 hours,Varies,Seven affiliate,"Regional NSW – Northern Rivers (NRN): Grafton, Lismore, Ballina, Byron Bay, Tweed Heads, Murwillumbah",https://upload.wikimedia.org/wikipedia/en/2/2e/Racing.com_logo.png,
FTA,Nine (NBN/NRN),Nine,8 / 80 HD,,24 hours,Varies,Nine affiliate,"Regional NSW – Northern Rivers (NRN): Grafton, Lismore, Ballina, Byron Bay, Tweed Heads, Murwillumbah",https://upload.wikimedia.org/wikipedia/commons/9/9d/Nine_Network_2019_logo.svg,
FTA,Nine (NBN/NRN),9Gem,81,,24 hours,Varies,Nine affiliate,"Regional NSW – Northern Rivers (NRN): Grafton, Lismore, Ballina, Byron Bay, Tweed Heads, Murwillumbah",https://upload.wikimedia.org/wikipedia/commons/2/2a/9Gem_2015_logo.svg,
FTA,Nine (NBN/NRN),9Go!,82,,24 hours,Varies,Nine affiliate,"Regional NSW – Northern Rivers (NRN): Grafton, Lismore, Ballina, Byron Bay, Tweed Heads, Murwillumbah",https://upload.wikimedia.org/wikipedia/commons/f/fd/9Go%21_2015_logo.svg,
FTA,Nine (NBN/NRN),9Life,83,,24 hours,Varies,Nine affiliate,"Regional NSW – Northern Rivers (NRN): Grafton, Lismore, Ballina, Byron Bay, Tweed Heads, Murwillumbah",https://upload.wikimedia.org/wikipedia/commons/5/50/9Life_2015_Logo.svg,
FTA,Nine (NBN/NRN),9Rush,86/88,,24 hours,Varies,Nine affiliate,"Regional NSW – Northern Rivers (NRN): Grafton, Lismore, Ballina, Byron Bay, Tweed Heads, Murwillumbah",https://upload.wikimedia.org/wikipedia/commons/a/ae/9Rush_logo_2020.svg,
FTA,Nine (NBN/NRN),Extra,85/87,,24 hours,Varies,Nine affiliate,"Regional NSW – Northern Rivers (NRN): Grafton, Lismore, Ballina, Byron Bay, Tweed Heads, Murwillumbah",https://upload.wikimedia.org/wikipedia/commons/2/2e/Extra_Australia_logo.svg,
FTA,10 (NRN – Northern NSW),10,5 / 50 HD,,24 hours,Varies,Ten affiliate,"Regional NSW – Northern Rivers (NRN): Grafton, Lismore, Ballina, Byron Bay, Tweed Heads, Murwillumbah",https://upload.wikimedia.org/wikipedia/commons/3/3c/Network_10_logo_2018.svg,
FTA,10 (NRN – Northern NSW),10 Peach,52,,24 hours,Varies,Ten affiliate,"Regional NSW – Northern Rivers (NRN): Grafton, Lismore, Ballina, Byron Bay, Tweed Heads, Murwillumbah",https://upload.wikimedia.org/wikipedia/commons/1/1e/10_Peach_2018.svg,
FTA,10 (NRN – Northern NSW),10 Bold,53,,24 hours,Varies,Ten affiliate,"Regional NSW – Northern Rivers (NRN): Grafton, Lismore, Ballina, Byron Bay, Tweed Heads, Murwillumbah",https://upload.wikimedia.org/wikipedia/commons/a/a3/10_Bold_2018.svg,
FTA,10 (NRN – Northern NSW),Nickelodeon,54,,24 hours,Varies,Ten affiliate,"Regional NSW – Northern Rivers (NRN): Grafton, Lismore, Ballina, Byron Bay, Tweed Heads, Murwillumbah",https://upload.wikimedia.org/wikipedia/commons/6/6c/Nickelodeon_2023_logo_%28outline%29.svg,
FTA,10 (NRN – Northern NSW),Sky News Regional,56,,24 hours,Varies,Ten affiliate,"Regional NSW – Northern Rivers (NRN): Grafton, Lismore, Ballina, Byron Bay, Tweed Heads, Murwillumbah",https://upload.wikimedia.org/wikipedia/commons/4/4a/Sky_News_Regional_Australia_logo.png,
FTA,10 (NRN – Northern NSW),gecko,57,,24 hours,Varies,Ten affiliate,"Regional NSW – Northern Rivers (NRN): Grafton, Lismore, Ballina, Byron Bay, Tweed Heads, Murwillumbah",,
FTA,10 (NRN – Northern NSW),you.tv,58,,24 hours,Varies,Ten affiliate,"Regional NSW – Northern Rivers (NRN): Grafton, Lismore, Ballina, Byron Bay, Tweed Heads, Murwillumbah",,
FTA,Seven (Prime7 NSW),Seven,6 / 60 HD,,24 hours,Varies,Seven affiliate,"Regional NSW – New England / North West: Tamworth, Armidale, Inverell, Moree, Gunnedah, Narrabri",https://upload.wikimedia.org/wikipedia/commons/2/2e/Seven_Network_logo.svg,
FTA,Seven (Prime7 NSW),7two,62,,24 hours,Varies,Seven affiliate,"Regional NSW – New England / North West: Tamworth, Armidale, Inverell, Moree, Gunnedah, Narrabri",https://upload.wikimedia.org/wikipedia/commons/2/2a/7TWO_logo.svg,
FTA,Seven (Prime7 NSW),7mate,63,,24 hours,Varies,Seven affiliate,"Regional NSW – New England / North West: Tamworth, Armidale, Inverell, Moree, Gunnedah, Narrabri",https://upload.wikimedia.org/wikipedia/commons/3/33/7mate_logo.svg,
FTA,Seven (Prime7 NSW),7Bravo,65,,24 hours,Varies,Seven affiliate,"Regional NSW – New England / North West: Tamworth, Armidale, Inverell, Moree, Gunnedah, Narrabri",https://upload.wikimedia.org/wikipedia/commons/4/43/7Bravo_logo.svg,
FTA,Seven (Prime7 NSW),7flix,66,,24 hours,Varies,Seven affiliate,"Regional NSW – New England / North West: Tamworth, Armidale, Inverell, Moree, Gunnedah, Narrabri",https://upload.wikimedia.org/wikipedia/commons/d/d1/7flix_logo_2020.svg,
FTA,Seven (Prime7 NSW),Racing.com,68,,24 hours,Varies,Seven affiliate,"Regional NSW – New England / North West: Tamworth, Armidale, Inverell, Moree, Gunnedah, Narrabri",https://upload.wikimedia.org/wikipedia/en/2/2e/Racing.com_logo.png,
FTA,Nine (WIN NSW),Nine,8 / 80 HD,,24 hours,Varies,Nine affiliate,"Regional NSW – New England / North West: Tamworth, Armidale, Inverell, Moree, Gunnedah, Narrabri",https://upload.wikimedia.org/wikipedia/commons/9/9d/Nine_Network_2019_logo.svg,
FTA,Nine (WIN NSW),9Gem,81,,24 hours,Varies,Nine affiliate,"Regional NSW – New England / North West: Tamworth, Armidale, Inverell, Moree, Gunnedah, Narrabri",https://upload.wikimedia.org/wikipedia/commons/2/2a/9Gem_2015_logo.svg,
FTA,Nine (WIN NSW),9Go!,82,,24 hours,Varies,Nine affiliate,"Regional NSW – New England / North West: Tamworth, Armidale, Inverell, Moree, Gunnedah, Narrabri",https://upload.wikimedia.org/wikipedia/commons/f/fd/9Go%21_2015_logo.svg,
FTA,Nine (WIN NSW),9Life,83,,24 hours,Varies,Nine affiliate,"Regional NSW – New England / North West: Tamworth, Armidale, Inverell, Moree, Gunnedah, Narrabri",https://upload.wikimedia.org/wikipedia/commons/5/50/9Life_2015_Logo.svg,
FTA,Nine (WIN NSW),9Rush,86/88,,24 hours,Varies,Nine affiliate,"Regional NSW – New England / North West: Tamworth, Armidale, Inverell, Moree, Gunnedah, Narrabri",https://upload.wikimedia.org/wikipedia/commons/a/ae/9Rush_logo_2020.svg,
FTA,Nine (WIN NSW),Extra,85/87,,24 hours,Varies,Nine affiliate,"Regional NSW – New England / North West: Tamworth, Armidale, Inverell, Moree, Gunnedah, Narrabri",https://upload.wikimedia.org/wikipedia/commons/2/2e/Extra_Australia_logo.svg,
FTA,10 (Southern Cross NSW),10,5 / 50 HD,,24 hours,Varies,Ten affiliate,"Regional NSW – New England / North West: Tamworth, Armidale, Inverell, Moree, Gunnedah, Narrabri",https://upload.wikimedia.org/wikipedia/commons/3/3c/Network_10_logo_2018.svg,
FTA,10 (Southern Cross NSW),10 Peach,52,,24 hours,Varies,Ten affiliate,"Regional NSW – New England / North West: Tamworth, Armidale, Inverell, Moree, Gunnedah, Narrabri",https://upload.wikimedia.org/wikipedia/commons/1/1e/10_Peach_2018.svg,
FTA,10 (Southern Cross NSW),10 Bold,53,,24 hours,Varies,Ten affiliate,"Regional NSW – New England / North West: Tamworth, Armidale, Inverell, Moree, Gunnedah, Narrabri",https://upload.wikimedia.org/wikipedia/commons/a/a3/10_Bold_2018.svg,
FTA,10 (Southern Cross NSW),Nickelodeon,54,,24 hours,Varies,Ten affiliate,"Regional NSW – New England / North West: Tamworth, Armidale, Inverell, Moree, Gunnedah, Narrabri",https://upload.wikimedia.org/wikipedia/commons/6/6c/Nickelodeon_2023_logo_%28outline%29.svg,
FTA,10 (Southern Cross NSW),Sky News Regional,56,,24 hours,Varies,Ten affiliate,"Regional NSW – New England / North West: Tamworth, Armidale, Inverell, Moree, Gunnedah, Narrabri",https://upload.wikimedia.org/wikipedia/commons/4/4a/Sky_News_Regional_Australia_logo.png,
FTA,10 (Southern Cross NSW),gecko,57,,24 hours,Varies,Ten affiliate,"Regional NSW – New England / North West: Tamworth, Armidale, Inverell, Moree, Gunnedah, Narrabri",,
FTA,10 (Southern Cross NSW),you.tv,58,,24 hours,Varies,Ten affiliate,"Regional NSW – New England / North West: Tamworth, Armidale, Inverell, Moree, Gunnedah, Narrabri",,
FTA,Seven (Prime7 NSW),Seven,6 / 60 HD,,24 hours,Varies,Seven affiliate,"Regional NSW – Central West: Orange, Bathurst, Dubbo, Parkes, Mudgee, Cowra",https://upload.wikimedia.org/wikipedia/commons/2/2e/Seven_Network_logo.svg,
FTA,Seven (Prime7 NSW),7two,62,,24 hours,Varies,Seven affiliate,"Regional NSW – Central West: Orange, Bathurst, Dubbo, Parkes, Mudgee, Cowra",https://upload.wikimedia.org/wikipedia/commons/2/2a/7TWO_logo.svg,
FTA,Seven (Prime7 NSW),7mate,63,,24 hours,Varies,Seven affiliate,"Regional NSW – Central West: Orange, Bathurst, Dubbo, Parkes, Mudgee, Cowra",https://upload.wikimedia.org/wikipedia/commons/3/33/7mate_logo.svg,
FTA,Seven (Prime7 NSW),7Bravo,65,,24 hours,Varies,Seven affiliate,"Regional NSW – Central West: Orange, Bathurst, Dubbo, Parkes, Mudgee, Cowra",https://upload.wikimedia.org/wikipedia/commons/4/43/7Bravo_logo.svg,
FTA,Seven (Prime7 NSW),7flix,66,,24 hours,Varies,Seven affiliate,"Regional NSW – Central West: Orange, Bathurst, Dubbo, Parkes, Mudgee, Cowra",https://upload.wikimedia.org/wikipedia/commons/d/d1/7flix_logo_2020.svg,
FTA,Seven (Prime7 NSW),Racing.com,68,,24 hours,Varies,Seven affiliate,"Regional NSW – Central West: Orange, Bathurst, Dubbo, Parkes, Mudgee, Cowra",https://upload.wikimedia.org/wikipedia/en/2/2e/Racing.com_logo.png,
FTA,Nine (WIN NSW),Nine,8 / 80 HD,,24 hours,Varies,Nine affiliate,"Regional NSW – Central West: Orange, Bathurst, Dubbo, Parkes, Mudgee, Cowra",https://upload.wikimedia.org/wikipedia/commons/9/9d/Nine_Network_2019_logo.svg,
FTA,Nine (WIN NSW),9Gem,81,,24 hours,Varies,Nine affiliate,"Regional NSW – Central West: Orange, Bathurst, Dubbo, Parkes, Mudgee, Cowra",https://upload.wikimedia.org/wikipedia/commons/2/2a/9Gem_2015_logo.svg,
FTA,Nine (WIN NSW),9Go!,82,,24 hours,Varies,Nine affiliate,"Regional NSW – Central West: Orange, Bathurst, Dubbo, Parkes, Mudgee, Cowra",https://upload.wikimedia.org/wikipedia/commons/f/fd/9Go%21_2015_logo.svg,
FTA,Nine (WIN NSW),9Life,83,,24 hours,Varies,Nine affiliate,"Regional NSW – Central West: Orange, Bathurst, Dubbo, Parkes, Mudgee, Cowra",https://upload.wikimedia.org/wikipedia/commons/5/50/9Life_2015_Logo.svg,
FTA,Nine (WIN NSW),9Rush,86/88,,24 hours,Varies,Nine affiliate,"Regional NSW – Central West: Orange, Bathurst, Dubbo, Parkes, Mudgee, Cowra",https://upload.wikimedia.org/wikipedia/commons/a/ae/9Rush_logo_2020.svg,
FTA,Nine (WIN NSW),Extra,85/87,,24 hours,Varies,Nine affiliate,"Regional NSW – Central West: Orange, Bathurst, Dubbo, Parkes, Mudgee, Cowra",https://upload.wikimedia.org/wikipedia/commons/2/2e/Extra_Australia_logo.svg,
FTA,10 (Southern Cross NSW),10,5 / 50 HD,,24 hours,Varies,Ten affiliate,"Regional NSW – Central West: Orange, Bathurst, Dubbo, Parkes, Mudgee, Cowra",https://upload.wikimedia.org/wikipedia/commons/3/3c/Network_10_logo_2018.svg,
FTA,10 (Southern Cross NSW),10 Peach,52,,24 hours,Varies,Ten affiliate,"Regional NSW – Central West: Orange, Bathurst, Dubbo, Parkes, Mudgee, Cowra",https://upload.wikimedia.org/wikipedia/commons/1/1e/10_Peach_2018.svg,
FTA,10 (Southern Cross NSW),10 Bold,53,,24 hours,Varies,Ten affiliate,"Regional NSW – Central West: Orange, Bathurst, Dubbo, Parkes, Mudgee, Cowra",https://upload.wikimedia.org/wikipedia/commons/a/a3/10_Bold_2018.svg,
FTA,10 (Southern Cross NSW),Nickelodeon,54,,24 hours,Varies,Ten affiliate,"Regional NSW – Central West: Orange, Bathurst, Dubbo, Parkes, Mudgee, Cowra",https://upload.wikimedia.org/wikipedia/commons/6/6c/Nickelodeon_2023_logo_%28outline%29.svg,
FTA,10 (Southern Cross NSW),Sky News Regional,56,,24 hours,Varies,Ten affiliate,"Regional NSW – Central West: Orange, Bathurst, Dubbo, Parkes, Mudgee, Cowra",https://upload.wikimedia.org/wikipedia/commons/4/4a/Sky_News_Regional_Australia_logo.png,
FTA,10 (Southern Cross NSW),gecko,57,,24 hours,Varies,Ten affiliate,"Regional NSW – Central West: Orange, Bathurst, Dubbo, Parkes, Mudgee, Cowra",,
FTA,10 (Southern Cross NSW),you.tv,58,,24 hours,Varies,Ten affiliate,"Regional NSW – Central West: Orange, Bathurst, Dubbo, Parkes, Mudgee, Cowra",,
FTA,Seven (Prime7 NSW),Seven,6 / 60 HD,,24 hours,Varies,Seven affiliate,"Regional NSW – Riverina: Wagga Wagga, Griffith, Leeton, Narrandera, Young, Cootamundra",https://upload.wikimedia.org/wikipedia/commons/2/2e/Seven_Network_logo.svg,
FTA,Seven (Prime7 NSW),7two,62,,24 hours,Varies,Seven affiliate,"Regional NSW – Riverina: Wagga Wagga, Griffith, Leeton, Narrandera, Young, Cootamundra",https://upload.wikimedia.org/wikipedia/commons/2/2a/7TWO_logo.svg,
FTA,Seven (Prime7 NSW),7mate,63,,24 hours,Varies,Seven affiliate,"Regional NSW – Riverina: Wagga Wagga, Griffith, Leeton, Narrandera, Young, Cootamundra",https://upload.wikimedia.org/wikipedia/commons/3/33/7mate_logo.svg,
FTA,Seven (Prime7 NSW),7Bravo,65,,24 hours,Varies,Seven affiliate,"Regional NSW – Riverina: Wagga Wagga, Griffith, Leeton, Narrandera, Young, Cootamundra",https://upload.wikimedia.org/wikipedia/commons/4/43/7Bravo_logo.svg,
FTA,Seven (Prime7 NSW),7flix,66,,24 hours,Varies,Seven affiliate,"Regional NSW – Riverina: Wagga Wagga, Griffith, Leeton, Narrandera, Young, Cootamundra",https://upload.wikimedia.org/wikipedia/commons/d/d1/7flix_logo_2020.svg,
FTA,Seven (Prime7 NSW),Racing.com,68,,24 hours,Varies,Seven affiliate,"Regional NSW – Riverina: Wagga Wagga, Griffith, Leeton, Narrandera, Young, Cootamundra",https://upload.wikimedia.org/wikipedia/en/2/2e/Racing.com_logo.png,
FTA,Nine (WIN NSW),Nine,8 / 80 HD,,24 hours,Varies,Nine affiliate,"Regional NSW – Riverina: Wagga Wagga, Griffith, Leeton, Narrandera, Young, Cootamundra",https://upload.wikimedia.org/wikipedia/commons/9/9d/Nine_Network_2019_logo.svg,
FTA,Nine (WIN NSW),9Gem,81,,24 hours,Varies,Nine affiliate,"Regional NSW – Riverina: Wagga Wagga, Griffith, Leeton, Narrandera, Young, Cootamundra",https://upload.wikimedia.org/wikipedia/commons/2/2a/9Gem_2015_logo.svg,
FTA,Nine (WIN NSW),9Go!,82,,24 hours,Varies,Nine affiliate,"Regional NSW – Riverina: Wagga Wagga, Griffith, Leeton, Narrandera, Young, Cootamundra",https://upload.wikimedia.org/wikipedia/commons/f/fd/9Go%21_2015_logo.svg,
FTA,Nine (WIN NSW),9Life,83,,24 hours,Varies,Nine affiliate,"Regional NSW – Riverina: Wagga Wagga, Griffith, Leeton, Narrandera, Young, Cootamundra",https://upload.wikimedia.org/wikipedia/commons/5/50/9Life_2015_Logo.svg,
FTA,Nine (WIN NSW),9Rush,86/88,,24 hours,Varies,Nine affiliate,"Regional NSW – Riverina: Wagga Wagga, Griffith, Leeton, Narrandera, Young, Cootamundra",https://upload.wikimedia.org/wikipedia/commons/a/ae/9Rush_logo_2020.svg,
FTA,Nine (WIN NSW),Extra,85/87,,24 hours,Varies,Nine affiliate,"Regional NSW – Riverina: Wagga Wagga, Griffith, Leeton, Narrandera, Young, Cootamundra",https://upload.wikimedia.org/wikipedia/commons/2/2e/Extra_Australia_logo.svg,
FTA,10 (Southern Cross NSW),10,5 / 50 HD,,24 hours,Varies,Ten affiliate,"Regional NSW – Riverina: Wagga Wagga, Griffith, Leeton, Narrandera, Young, Cootamundra",https://upload.wikimedia.org/wikipedia/commons/3/3c/Network_10_logo_2018.svg,
FTA,10 (Southern Cross NSW),10 Peach,52,,24 hours,Varies,Ten affiliate,"Regional NSW – Riverina: Wagga Wagga, Griffith, Leeton, Narrandera, Young, Cootamundra",https://upload.wikimedia.org/wikipedia/commons/1/1e/10_Peach_2018.svg,
FTA,10 (Southern Cross NSW),10 Bold,53,,24 hours,Varies,Ten affiliate,"Regional NSW – Riverina: Wagga Wagga, Griffith, Leeton, Narrandera, Young, Cootamundra",https://upload.wikimedia.org/wikipedia/commons/a/a3/10_Bold_2018.svg,
FTA,10 (Southern Cross NSW),Nickelodeon,54,,24 hours,Varies,Ten affiliate,"Regional NSW – Riverina: Wagga Wagga, Griffith, Leeton, Narrandera, Young, Cootamundra",https://upload.wikimedia.org/wikipedia/commons/6/6c/Nickelodeon_2023_logo_%28outline%29.svg,
FTA,10 (Southern Cross NSW),Sky News Regional,56,,24 hours,Varies,Ten affiliate,"Regional NSW – Riverina: Wagga Wagga, Griffith, Leeton, Narrandera, Young, Cootamundra",https://upload.wikimedia.org/wikipedia/commons/4/4a/Sky_News_Regional_Australia_logo.png,
FTA,10 (Southern Cross NSW),gecko,57,,24 hours,Varies,Ten affiliate,"Regional NSW – Riverina: Wagga Wagga, Griffith, Leeton, Narrandera, Young, Cootamundra",,
FTA,10 (Southern Cross NSW),you.tv,58,,24 hours,Varies,Ten affiliate,"Regional NSW – Riverina: Wagga Wagga, Griffith, Leeton, Narrandera, Young, Cootamundra",,
FTA,Seven (Prime7 NSW),Seven,6 / 60 HD,,24 hours,Varies,Seven affiliate,"Regional NSW – ACT / Canberra: Canberra, Queanbeyan, Goulburn, Yass",https://upload.wikimedia.org/wikipedia/commons/2/2e/Seven_Network_logo.svg,
FTA,Seven (Prime7 NSW),7two,62,,24 hours,Varies,Seven affiliate,"Regional NSW – ACT / Canberra: Canberra, Queanbeyan, Goulburn, Yass",https://upload.wikimedia.org/wikipedia/commons/2/2a/7TWO_logo.svg,
FTA,Seven (Prime7 NSW),7mate,63,,24 hours,Varies,Seven affiliate,"Regional NSW – ACT / Canberra: Canberra, Queanbeyan, Goulburn, Yass",https://upload.wikimedia.org/wikipedia/commons/3/33/7mate_logo.svg,
FTA,Seven (Prime7 NSW),7Bravo,65,,24 hours,Varies,Seven affiliate,"Regional NSW – ACT / Canberra: Canberra, Queanbeyan, Goulburn, Yass",https://upload.wikimedia.org/wikipedia/commons/4/43/7Bravo_logo.svg,
FTA,Seven (Prime7 NSW),7flix,66,,24 hours,Varies,Seven affiliate,"Regional NSW – ACT / Canberra: Canberra, Queanbeyan, Goulburn, Yass",https://upload.wikimedia.org/wikipedia/commons/d/d1/7flix_logo_2020.svg,
FTA,Seven (Prime7 NSW),Racing.com,68,,24 hours,Varies,Seven affiliate,"Regional NSW – ACT / Canberra: Canberra, Queanbeyan, Goulburn, Yass",https://upload.wikimedia.org/wikipedia/en/2/2e/Racing.com_logo.png,
FTA,Nine (WIN NSW),Nine,8 / 80 HD,,24 hours,Varies,Nine affiliate,"Regional NSW – ACT / Canberra: Canberra, Queanbeyan, Goulburn, Yass",https://upload.wikimedia.org/wikipedia/commons/9/9d/Nine_Network_2019_logo.svg,
FTA,Nine (WIN NSW),9Gem,81,,24 hours,Varies,Nine affiliate,"Regional NSW – ACT / Canberra: Canberra, Queanbeyan, Goulburn, Yass",https://upload.wikimedia.org/wikipedia/commons/2/2a/9Gem_2015_logo.svg,
FTA,Nine (WIN NSW),9Go!,82,,24 hours,Varies,Nine affiliate,"Regional NSW – ACT / Canberra: Canberra, Queanbeyan, Goulburn, Yass",https://upload.wikimedia.org/wikipedia/commons/f/fd/9Go%21_2015_logo.svg,
FTA,Nine (WIN NSW),9Life,83,,24 hours,Varies,Nine affiliate,"Regional NSW – ACT / Canberra: Canberra, Queanbeyan, Goulburn, Yass",https://upload.wikimedia.org/wikipedia/commons/5/50/9Life_2015_Logo.svg,
FTA,Nine (WIN NSW),9Rush,86/88,,24 hours,Varies,Nine affiliate,"Regional NSW – ACT / Canberra: Canberra, Queanbeyan, Goulburn, Yass",https://upload.wikimedia.org/wikipedia/commons/a/ae/9Rush_logo_2020.svg,
FTA,Nine (WIN NSW),Extra,85/87,,24 hours,Varies,Nine affiliate,"Regional NSW – ACT / Canberra: Canberra, Queanbeyan, Goulburn, Yass",https://upload.wikimedia.org/wikipedia/commons/2/2e/Extra_Australia_logo.svg,
FTA,10 (Southern Cross NSW),10,5 / 50 HD,,24 hours,Varies,Ten affiliate,"Regional NSW – ACT / Canberra: Canberra, Queanbeyan, Goulburn, Yass",https://upload.wikimedia.org/wikipedia/commons/3/3c/Network_10_logo_2018.svg,
FTA,10 (Southern Cross NSW),10 Peach,52,,24 hours,Varies,Ten affiliate,"Regional NSW – ACT / Canberra: Canberra, Queanbeyan, Goulburn, Yass",https://upload.wikimedia.org/wikipedia/commons/1/1e/10_Peach_2018.svg,
FTA,10 (Southern Cross NSW),10 Bold,53,,24 hours,Varies,Ten affiliate,"Regional NSW – ACT / Canberra: Canberra, Queanbeyan, Goulburn, Yass",https://upload.wikimedia.org/wikipedia/commons/a/a3/10_Bold_2018.svg,
FTA,10 (Southern Cross NSW),Nickelodeon,54,,24 hours,Varies,Ten affiliate,"Regional NSW – ACT / Canberra: Canberra, Queanbeyan, Goulburn, Yass",https://upload.wikimedia.org/wikipedia/commons/6/6c/Nickelodeon_2023_logo_%28outline%29.svg,
FTA,10 (Southern Cross NSW),Sky News Regional,56,,24 hours,Varies,Ten affiliate,"Regional NSW – ACT / Canberra: Canberra, Queanbeyan, Goulburn, Yass",https://upload.wikimedia.org/wikipedia/commons/4/4a/Sky_News_Regional_Australia_logo.png,
FTA,10 (Southern Cross NSW),gecko,57,,24 hours,Varies,Ten affiliate,"Regional NSW – ACT / Canberra: Canberra, Queanbeyan, Goulburn, Yass",,
FTA,10 (Southern Cross NSW),you.tv,58,,24 hours,Varies,Ten affiliate,"Regional NSW – ACT / Canberra: Canberra, Queanbeyan, Goulburn, Yass",,
FTA,Seven (Prime7 VIC),Seven,6 / 60 HD,,24 hours,Varies,Seven affiliate,"Regional VIC – Ballarat / Western VIC: Ballarat, Ararat, Horsham, Maryborough",https://upload.wikimedia.org/wikipedia/commons/2/2e/Seven_Network_logo.svg,
FTA,Seven (Prime7 VIC),7two,62,,24 hours,Varies,Seven affiliate,"Regional VIC – Ballarat / Western VIC: Ballarat, Ararat, Horsham, Maryborough",https://upload.wikimedia.org/wikipedia/commons/2/2a/7TWO_logo.svg,
FTA,Seven (Prime7 VIC),7mate,63,,24 hours,Varies,Seven affiliate,"Regional VIC – Ballarat / Western VIC: Ballarat, Ararat, Horsham, Maryborough",https://upload.wikimedia.org/wikipedia/commons/3/33/7mate_logo.svg,
FTA,Seven (Prime7 VIC),7Bravo,65,,24 hours,Varies,Seven affiliate,"Regional VIC – Ballarat / Western VIC: Ballarat, Ararat, Horsham, Maryborough",https://upload.wikimedia.org/wikipedia/commons/4/43/7Bravo_logo.svg,
FTA,Seven (Prime7 VIC),7flix,66,,24 hours,Varies,Seven affiliate,"Regional VIC – Ballarat / Western VIC: Ballarat, Ararat, Horsham, Maryborough",https://upload.wikimedia.org/wikipedia/commons/d/d1/7flix_logo_2020.svg,
FTA,Seven (Prime7 VIC),Racing.com,68,,24 hours,Varies,Seven affiliate,"Regional VIC – Ballarat / Western VIC: Ballarat, Ararat, Horsham, Maryborough",https://upload.wikimedia.org/wikipedia/en/2/2e/Racing.com_logo.png,
FTA,Nine (WIN VIC),Nine,8 / 80 HD,,24 hours,Varies,Nine affiliate,"Regional VIC – Ballarat / Western VIC: Ballarat, Ararat, Horsham, Maryborough",https://upload.wikimedia.org/wikipedia/commons/9/9d/Nine_Network_2019_logo.svg,
FTA,Nine (WIN VIC),9Gem,81,,24 hours,Varies,Nine affiliate,"Regional VIC – Ballarat / Western VIC: Ballarat, Ararat, Horsham, Maryborough",https://upload.wikimedia.org/wikipedia/commons/2/2a/9Gem_2015_logo.svg,
FTA,Nine (WIN VIC),9Go!,82,,24 hours,Varies,Nine affiliate,"Regional VIC – Ballarat / Western VIC: Ballarat, Ararat, Horsham, Maryborough",https://upload.wikimedia.org/wikipedia/commons/f/fd/9Go%21_2015_logo.svg,
FTA,Nine (WIN VIC),9Life,83,,24 hours,Varies,Nine affiliate,"Regional VIC – Ballarat / Western VIC: Ballarat, Ararat, Horsham, Maryborough",https://upload.wikimedia.org/wikipedia/commons/5/50/9Life_2015_Logo.svg,
FTA,Nine (WIN VIC),9Rush,86/88,,24 hours,Varies,Nine affiliate,"Regional VIC – Ballarat / Western VIC: Ballarat, Ararat, Horsham, Maryborough",https://upload.wikimedia.org/wikipedia/commons/a/ae/9Rush_logo_2020.svg,
FTA,Nine (WIN VIC),Extra,85/87,,24 hours,Varies,Nine affiliate,"Regional VIC – Ballarat / Western VIC: Ballarat, Ararat, Horsham, Maryborough",https://upload.wikimedia.org/wikipedia/commons/2/2e/Extra_Australia_logo.svg,
FTA,10 (Southern Cross VIC),10,5 / 50 HD,,24 hours,Varies,Ten affiliate,"Regional VIC – Ballarat / Western VIC: Ballarat, Ararat, Horsham, Maryborough",https://upload.wikimedia.org/wikipedia/commons/3/3c/Network_10_logo_2018.svg,
FTA,10 (Southern Cross VIC),10 Peach,52,,24 hours,Varies,Ten affiliate,"Regional VIC – Ballarat / Western VIC: Ballarat, Ararat, Horsham, Maryborough",https://upload.wikimedia.org/wikipedia/commons/1/1e/10_Peach_2018.svg,
FTA,10 (Southern Cross VIC),10 Bold,53,,24 hours,Varies,Ten affiliate,"Regional VIC – Ballarat / Western VIC: Ballarat, Ararat, Horsham, Maryborough",https://upload.wikimedia.org/wikipedia/commons/a/a3/10_Bold_2018.svg,
FTA,10 (Southern Cross VIC),Nickelodeon,54,,24 hours,Varies,Ten affiliate,"Regional VIC – Ballarat / Western VIC: Ballarat, Ararat, Horsham, Maryborough",https://upload.wikimedia.org/wikipedia/commons/6/6c/Nickelodeon_2023_logo_%28outline%29.svg,
FTA,10 (Southern Cross VIC),Sky News Regional,56,,24 hours,Varies,Ten affiliate,"Regional VIC – Ballarat / Western VIC: Ballarat, Ararat, Horsham, Maryborough",https://upload.wikimedia.org/wikipedia/commons/4/4a/Sky_News_Regional_Australia_logo.png,
FTA,10 (Southern Cross VIC),gecko,57,,24 hours,Varies,Ten affiliate,"Regional VIC – Ballarat / Western VIC: Ballarat, Ararat, Horsham, Maryborough",,
FTA,10 (Southern Cross VIC),you.tv,58,,24 hours,Varies,Ten affiliate,"Regional VIC – Ballarat / Western VIC: Ballarat, Ararat, Horsham, Maryborough",,
FTA,Seven (Prime7 VIC),Seven,6 / 60 HD,,24 hours,Varies,Seven affiliate,"Regional VIC – Bendigo / Central VIC: Bendigo, Castlemaine, Kyneton, Echuca",https://upload.wikimedia.org/wikipedia/commons/2/2e/Seven_Network_logo.svg,
FTA,Seven (Prime7 VIC),7two,62,,24 hours,Varies,Seven affiliate,"Regional VIC – Bendigo / Central VIC: Bendigo, Castlemaine, Kyneton, Echuca",https://upload.wikimedia.org/wikipedia/commons/2/2a/7TWO_logo.svg,
FTA,Seven (Prime7 VIC),7mate,63,,24 hours,Varies,Seven affiliate,"Regional VIC – Bendigo / Central VIC: Bendigo, Castlemaine, Kyneton, Echuca",https://upload.wikimedia.org/wikipedia/commons/3/33/7mate_logo.svg,
FTA,Seven (Prime7 VIC),7Bravo,65,,24 hours,Varies,Seven affiliate,"Regional VIC – Bendigo / Central VIC: Bendigo, Castlemaine, Kyneton, Echuca",https://upload.wikimedia.org/wikipedia/commons/4/43/7Bravo_logo.svg,
FTA,Seven (Prime7 VIC),7flix,66,,24 hours,Varies,Seven affiliate,"Regional VIC – Bendigo / Central VIC: Bendigo, Castlemaine, Kyneton, Echuca",https://upload.wikimedia.org/wikipedia/commons/d/d1/7flix_logo_2020.svg,
FTA,Seven (Prime7 VIC),Racing.com,68,,24 hours,Varies,Seven affiliate,"Regional VIC – Bendigo / Central VIC: Bendigo, Castlemaine, Kyneton, Echuca",https://upload.wikimedia.org/wikipedia/en/2/2e/Racing.com_logo.png,
FTA,Nine (WIN VIC),Nine,8 / 80 HD,,24 hours,Varies,Nine affiliate,"Regional VIC – Bendigo / Central VIC: Bendigo, Castlemaine, Kyneton, Echuca",https://upload.wikimedia.org/wikipedia/commons/9/9d/Nine_Network_2019_logo.svg,
FTA,Nine (WIN VIC),9Gem,81,,24 hours,Varies,Nine affiliate,"Regional VIC – Bendigo / Central VIC: Bendigo, Castlemaine, Kyneton, Echuca",https://upload.wikimedia.org/wikipedia/commons/2/2a/9Gem_2015_logo.svg,
FTA,Nine (WIN VIC),9Go!,82,,24 hours,Varies,Nine affiliate,"Regional VIC – Bendigo / Central VIC: Bendigo, Castlemaine, Kyneton, Echuca",https://upload.wikimedia.org/wikipedia/commons/f/fd/9Go%21_2015_logo.svg,
FTA,Nine (WIN VIC),9Life,83,,24 hours,Varies,Nine affiliate,"Regional VIC – Bendigo / Central VIC: Bendigo, Castlemaine, Kyneton, Echuca",https://upload.wikimedia.org/wikipedia/commons/5/50/9Life_2015_Logo.svg,
FTA,Nine (WIN VIC),9Rush,86/88,,24 hours,Varies,Nine affiliate,"Regional VIC – Bendigo / Central VIC: Bendigo, Castlemaine, Kyneton, Echuca",https://upload.wikimedia.org/wikipedia/commons/a/ae/9Rush_logo_2020.svg,
FTA,Nine (WIN VIC),Extra,85/87,,24 hours,Varies,Nine affiliate,"Regional VIC – Bendigo / Central VIC: Bendigo, Castlemaine, Kyneton, Echuca",https://upload.wikimedia.org/wikipedia/commons/2/2e/Extra_Australia_logo.svg,
FTA,10 (Southern Cross VIC),10,5 / 50 HD,,24 hours,Varies,Ten affiliate,"Regional VIC – Bendigo / Central VIC: Bendigo, Castlemaine, Kyneton, Echuca",https://upload.wikimedia.org/wikipedia/commons/3/3c/Network_10_logo_2018.svg,
FTA,10 (Southern Cross VIC),10 Peach,52,,24 hours,Varies,Ten affiliate,"Regional VIC – Bendigo / Central VIC: Bendigo, Castlemaine, Kyneton, Echuca",https://upload.wikimedia.org/wikipedia/commons/1/1e/10_Peach_2018.svg,
FTA,10 (Southern Cross VIC),10 Bold,53,,24 hours,Varies,Ten affiliate,"Regional VIC – Bendigo / Central VIC: Bendigo, Castlemaine, Kyneton, Echuca",https://upload.wikimedia.org/wikipedia/commons/a/a3/10_Bold_2018.svg,
FTA,10 (Southern Cross VIC),Nickelodeon,54,,24 hours,Varies,Ten affiliate,"Regional VIC – Bendigo / Central VIC: Bendigo, Castlemaine, Kyneton, Echuca",https://upload.wikimedia.org/wikipedia/commons/6/6c/Nickelodeon_2023_logo_%28outline%29.svg,
FTA,10 (Southern Cross VIC),Sky News Regional,56,,24 hours,Varies,Ten affiliate,"Regional VIC – Bendigo / Central VIC: Bendigo, Castlemaine, Kyneton, Echuca",https://upload.wikimedia.org/wikipedia/commons/4/4a/Sky_News_Regional_Australia_logo.png,
FTA,10 (Southern Cross VIC),gecko,57,,24 hours,Varies,Ten affiliate,"Regional VIC – Bendigo / Central VIC: Bendigo, Castlemaine, Kyneton, Echuca",,
FTA,10 (Southern Cross VIC),you.tv,58,,24 hours,Varies,Ten affiliate,"Regional VIC – Bendigo / Central VIC: Bendigo, Castlemaine, Kyneton, Echuca",,
FTA,Seven (Prime7 VIC),Seven,6 / 60 HD,,24 hours,Varies,Seven affiliate,"Regional VIC – Shepparton / Goulburn Valley: Shepparton, Mooroopna, Benalla, Euroa, Kyabram",https://upload.wikimedia.org/wikipedia/commons/2/2e/Seven_Network_logo.svg,
FTA,Seven (Prime7 VIC),7two,62,,24 hours,Varies,Seven affiliate,"Regional VIC – Shepparton / Goulburn Valley: Shepparton, Mooroopna, Benalla, Euroa, Kyabram",https://upload.wikimedia.org/wikipedia/commons/2/2a/7TWO_logo.svg,
FTA,Seven (Prime7 VIC),7mate,63,,24 hours,Varies,Seven affiliate,"Regional VIC – Shepparton / Goulburn Valley: Shepparton, Mooroopna, Benalla, Euroa, Kyabram",https://upload.wikimedia.org/wikipedia/commons/3/33/7mate_logo.svg,
FTA,Seven (Prime7 VIC),7Bravo,65,,24 hours,Varies,Seven affiliate,"Regional VIC – Shepparton / Goulburn Valley: Shepparton, Mooroopna, Benalla, Euroa, Kyabram",https://upload.wikimedia.org/wikipedia/commons/4/43/7Bravo_logo.svg,
FTA,Seven (Prime7 VIC),7flix,66,,24 hours,Varies,Seven affiliate,"Regional VIC – Shepparton / Goulburn Valley: Shepparton, Mooroopna, Benalla, Euroa, Kyabram",https://upload.wikimedia.org/wikipedia/commons/d/d1/7flix_logo_2020.svg,
FTA,Seven (Prime7 VIC),Racing.com,68,,24 hours,Varies,Seven affiliate,"Regional VIC – Shepparton / Goulburn Valley: Shepparton, Mooroopna, Benalla, Euroa, Kyabram",https://upload.wikimedia.org/wikipedia/en/2/2e/Racing.com_logo.png,
FTA,Nine (WIN VIC),Nine,8 / 80 HD,,24 hours,Varies,Nine affiliate,"Regional VIC – Shepparton / Goulburn Valley: Shepparton, Mooroopna, Benalla, Euroa, Kyabram",https://upload.wikimedia.org/wikipedia/commons/9/9d/Nine_Network_2019_logo.svg,
FTA,Nine (WIN VIC),9Gem,81,,24 hours,Varies,Nine affiliate,"Regional VIC – Shepparton / Goulburn Valley: Shepparton, Mooroopna, Benalla, Euroa, Kyabram",https://upload.wikimedia.org/wikipedia/commons/2/2a/9Gem_2015_logo.svg,
FTA,Nine (WIN VIC),9Go!,82,,24 hours,Varies,Nine affiliate,"Regional VIC – Shepparton / Goulburn Valley: Shepparton, Mooroopna, Benalla, Euroa, Kyabram",https://upload.wikimedia.org/wikipedia/commons/f/fd/9Go%21_2015_logo.svg,
FTA,Nine (WIN VIC),9Life,83,,24 hours,Varies,Nine affiliate,"Regional VIC – Shepparton / Goulburn Valley: Shepparton, Mooroopna, Benalla, Euroa, Kyabram",https://upload.wikimedia.org/wikipedia/commons/5/50/9Life_2015_Logo.svg,
FTA,Nine (WIN VIC),9Rush,86/88,,24 hours,Varies,Nine affiliate,"Regional VIC – Shepparton / Goulburn Valley: Shepparton, Mooroopna, Benalla, Euroa, Kyabram",https://upload.wikimedia.org/wikipedia/commons/a/ae/9Rush_logo_2020.svg,
FTA,Nine (WIN VIC),Extra,85/87,,24 hours,Varies,Nine affiliate,"Regional VIC – Shepparton / Goulburn Valley: Shepparton, Mooroopna, Benalla, Euroa, Kyabram",https://upload.wikimedia.org/wikipedia/commons/2/2e/Extra_Australia_logo.svg,
FTA,10 (Southern Cross VIC),10,5 / 50 HD,,24 hours,Varies,Ten affiliate,"Regional VIC – Shepparton / Goulburn Valley: Shepparton, Mooroopna, Benalla, Euroa, Kyabram",https://upload.wikimedia.org/wikipedia/commons/3/3c/Network_10_logo_2018.svg,
FTA,10 (Southern Cross VIC),10 Peach,52,,24 hours,Varies,Ten affiliate,"Regional VIC – Shepparton / Goulburn Valley: Shepparton, Mooroopna, Benalla, Euroa, Kyabram",https://upload.wikimedia.org/wikipedia/commons/1/1e/10_Peach_2018.svg,
FTA,10 (Southern Cross VIC),10 Bold,53,,24 hours,Varies,Ten affiliate,"Regional VIC – Shepparton / Goulburn Valley: Shepparton, Mooroopna, Benalla, Euroa, Kyabram",https://upload.wikimedia.org/wikipedia/commons/a/a3/10_Bold_2018.svg,
FTA,10 (Southern Cross VIC),Nickelodeon,54,,24 hours,Varies,Ten affiliate,"Regional VIC – Shepparton / Goulburn Valley: Shepparton, Mooroopna, Benalla, Euroa, Kyabram",https://upload.wikimedia.org/wikipedia/commons/6/6c/Nickelodeon_2023_logo_%28outline%29.svg,
FTA,10 (Southern Cross VIC),Sky News Regional,56,,24 hours,Varies,Ten affiliate,"Regional VIC – Shepparton / Goulburn Valley: Shepparton, Mooroopna, Benalla, Euroa, Kyabram",https://upload.wikimedia.org/wikipedia/commons/4/4a/Sky_News_Regional_Australia_logo.png,
FTA,10 (Southern Cross VIC),gecko,57,,24 hours,Varies,Ten affiliate,"Regional VIC – Shepparton / Goulburn Valley: Shepparton, Mooroopna, Benalla, Euroa, Kyabram",,
FTA,10 (Southern Cross VIC),you.tv,58,,24 hours,Varies,Ten affiliate,"Regional VIC – Shepparton / Goulburn Valley: Shepparton, Mooroopna, Benalla, Euroa, Kyabram",,
FTA,Seven (Prime7 VIC),Seven,6 / 60 HD,,24 hours,Varies,Seven affiliate,"Regional VIC – Gippsland: Traralgon, Morwell, Sale, Bairnsdale, Warragul, Leongatha",https://upload.wikimedia.org/wikipedia/commons/2/2e/Seven_Network_logo.svg,
FTA,Seven (Prime7 VIC),7two,62,,24 hours,Varies,Seven affiliate,"Regional VIC – Gippsland: Traralgon, Morwell, Sale, Bairnsdale, Warragul, Leongatha",https://upload.wikimedia.org/wikipedia/commons/2/2a/7TWO_logo.svg,
FTA,Seven (Prime7 VIC),7mate,63,,24 hours,Varies,Seven affiliate,"Regional VIC – Gippsland: Traralgon, Morwell, Sale, Bairnsdale, Warragul, Leongatha",https://upload.wikimedia.org/wikipedia/commons/3/33/7mate_logo.svg,
FTA,Seven (Prime7 VIC),7Bravo,65,,24 hours,Varies,Seven affiliate,"Regional VIC – Gippsland: Traralgon, Morwell, Sale, Bairnsdale, Warragul, Leongatha",https://upload.wikimedia.org/wikipedia/commons/4/43/7Bravo_logo.svg,
FTA,Seven (Prime7 VIC),7flix,66,,24 hours,Varies,Seven affiliate,"Regional VIC – Gippsland: Traralgon, Morwell, Sale, Bairnsdale, Warragul, Leongatha",https://upload.wikimedia.org/wikipedia/commons/d/d1/7flix_logo_2020.svg,
FTA,Seven (Prime7 VIC),Racing.com,68,,24 hours,Varies,Seven affiliate,"Regional VIC – Gippsland: Traralgon, Morwell, Sale, Bairnsdale, Warragul, Leongatha",https://upload.wikimedia.org/wikipedia/en/2/2e/Racing.com_logo.png,
FTA,Nine (WIN VIC),Nine,8 / 80 HD,,24 hours,Varies,Nine affiliate,"Regional VIC – Gippsland: Traralgon, Morwell, Sale, Bairnsdale, Warragul, Leongatha",https://upload.wikimedia.org/wikipedia/commons/9/9d/Nine_Network_2019_logo.svg,
FTA,Nine (WIN VIC),9Gem,81,,24 hours,Varies,Nine affiliate,"Regional VIC – Gippsland: Traralgon, Morwell, Sale, Bairnsdale, Warragul, Leongatha",https://upload.wikimedia.org/wikipedia/commons/2/2a/9Gem_2015_logo.svg,
FTA,Nine (WIN VIC),9Go!,82,,24 hours,Varies,Nine affiliate,"Regional VIC – Gippsland: Traralgon, Morwell, Sale, Bairnsdale, Warragul, Leongatha",https://upload.wikimedia.org/wikipedia/commons/f/fd/9Go%21_2015_logo.svg,
FTA,Nine (WIN VIC),9Life,83,,24 hours,Varies,Nine affiliate,"Regional VIC – Gippsland: Traralgon, Morwell, Sale, Bairnsdale, Warragul, Leongatha",https://upload.wikimedia.org/wikipedia/commons/5/50/9Life_2015_Logo.svg,
FTA,Nine (WIN VIC),9Rush,86/88,,24 hours,Varies,Nine affiliate,"Regional VIC – Gippsland: Traralgon, Morwell, Sale, Bairnsdale, Warragul, Leongatha",https://upload.wikimedia.org/wikipedia/commons/a/ae/9Rush_logo_2020.svg,
FTA,Nine (WIN VIC),Extra,85/87,,24 hours,Varies,Nine affiliate,"Regional VIC – Gippsland: Traralgon, Morwell, Sale, Bairnsdale, Warragul, Leongatha",https://upload.wikimedia.org/wikipedia/commons/2/2e/Extra_Australia_logo.svg,
FTA,10 (Southern Cross VIC),10,5 / 50 HD,,24 hours,Varies,Ten affiliate,"Regional VIC – Gippsland: Traralgon, Morwell, Sale, Bairnsdale, Warragul, Leongatha",https://upload.wikimedia.org/wikipedia/commons/3/3c/Network_10_logo_2018.svg,
FTA,10 (Southern Cross VIC),10 Peach,52,,24 hours,Varies,Ten affiliate,"Regional VIC – Gippsland: Traralgon, Morwell, Sale, Bairnsdale, Warragul, Leongatha",https://upload.wikimedia.org/wikipedia/commons/1/1e/10_Peach_2018.svg,
FTA,10 (Southern Cross VIC),10 Bold,53,,24 hours,Varies,Ten affiliate,"Regional VIC – Gippsland: Traralgon, Morwell, Sale, Bairnsdale, Warragul, Leongatha",https://upload.wikimedia.org/wikipedia/commons/a/a3/10_Bold_2018.svg,
FTA,10 (Southern Cross VIC),Nickelodeon,54,,24 hours,Varies,Ten affiliate,"Regional VIC – Gippsland: Traralgon, Morwell, Sale, Bairnsdale, Warragul, Leongatha",https://upload.wikimedia.org/wikipedia/commons/6/6c/Nickelodeon_2023_logo_%28outline%29.svg,
FTA,10 (Southern Cross VIC),Sky News Regional,56,,24 hours,Varies,Ten affiliate,"Regional VIC – Gippsland: Traralgon, Morwell, Sale, Bairnsdale, Warragul, Leongatha",https://upload.wikimedia.org/wikipedia/commons/4/4a/Sky_News_Regional_Australia_logo.png,
FTA,10 (Southern Cross VIC),gecko,57,,24 hours,Varies,Ten affiliate,"Regional VIC – Gippsland: Traralgon, Morwell, Sale, Bairnsdale, Warragul, Leongatha",,
FTA,10 (Southern Cross VIC),you.tv,58,,24 hours,Varies,Ten affiliate,"Regional VIC – Gippsland: Traralgon, Morwell, Sale, Bairnsdale, Warragul, Leongatha",,
FTA,Seven (Prime7 VIC),Seven,6 / 60 HD,,24 hours,Varies,Seven affiliate,"Regional VIC – Mildura / Sunraysia: Mildura, Irymple, Red Cliffs, Merbein, Robinvale",https://upload.wikimedia.org/wikipedia/commons/2/2e/Seven_Network_logo.svg,
FTA,Seven (Prime7 VIC),7two,62,,24 hours,Varies,Seven affiliate,"Regional VIC – Mildura / Sunraysia: Mildura, Irymple, Red Cliffs, Merbein, Robinvale",https://upload.wikimedia.org/wikipedia/commons/2/2a/7TWO_logo.svg,
FTA,Seven (Prime7 VIC),7mate,63,,24 hours,Varies,Seven affiliate,"Regional VIC – Mildura / Sunraysia: Mildura, Irymple, Red Cliffs, Merbein, Robinvale",https://upload.wikimedia.org/wikipedia/commons/3/33/7mate_logo.svg,
FTA,Seven (Prime7 VIC),7Bravo,65,,24 hours,Varies,Seven affiliate,"Regional VIC – Mildura / Sunraysia: Mildura, Irymple, Red Cliffs, Merbein, Robinvale",https://upload.wikimedia.org/wikipedia/commons/4/43/7Bravo_logo.svg,
FTA,Seven (Prime7 VIC),7flix,66,,24 hours,Varies,Seven affiliate,"Regional VIC – Mildura / Sunraysia: Mildura, Irymple, Red Cliffs, Merbein, Robinvale",https://upload.wikimedia.org/wikipedia/commons/d/d1/7flix_logo_2020.svg,
FTA,Seven (Prime7 VIC),Racing.com,68,,24 hours,Varies,Seven affiliate,"Regional VIC – Mildura / Sunraysia: Mildura, Irymple, Red Cliffs, Merbein, Robinvale",https://upload.wikimedia.org/wikipedia/en/2/2e/Racing.com_logo.png,
FTA,Nine (WIN VIC),Nine,8 / 80 HD,,24 hours,Varies,Nine affiliate,"Regional VIC – Mildura / Sunraysia: Mildura, Irymple, Red Cliffs, Merbein, Robinvale",https://upload.wikimedia.org/wikipedia/commons/9/9d/Nine_Network_2019_logo.svg,
FTA,Nine (WIN VIC),9Gem,81,,24 hours,Varies,Nine affiliate,"Regional VIC – Mildura / Sunraysia: Mildura, Irymple, Red Cliffs, Merbein, Robinvale",https://upload.wikimedia.org/wikipedia/commons/2/2a/9Gem_2015_logo.svg,
FTA,Nine (WIN VIC),9Go!,82,,24 hours,Varies,Nine affiliate,"Regional VIC – Mildura / Sunraysia: Mildura, Irymple, Red Cliffs, Merbein, Robinvale",https://upload.wikimedia.org/wikipedia/commons/f/fd/9Go%21_2015_logo.svg,
FTA,Nine (WIN VIC),9Life,83,,24 hours,Varies,Nine affiliate,"Regional VIC – Mildura / Sunraysia: Mildura, Irymple, Red Cliffs, Merbein, Robinvale",https://upload.wikimedia.org/wikipedia/commons/5/50/9Life_2015_Logo.svg,
FTA,Nine (WIN VIC),9Rush,86/88,,24 hours,Varies,Nine affiliate,"Regional VIC – Mildura / Sunraysia: Mildura, Irymple, Red Cliffs, Merbein, Robinvale",https://upload.wikimedia.org/wikipedia/commons/a/ae/9Rush_logo_2020.svg,
FTA,Nine (WIN VIC),Extra,85/87,,24 hours,Varies,Nine affiliate,"Regional VIC – Mildura / Sunraysia: Mildura, Irymple, Red Cliffs, Merbein, Robinvale",https://upload.wikimedia.org/wikipedia/commons/2/2e/Extra_Australia_logo.svg,
FTA,10 (Southern Cross VIC),10,5 / 50 HD,,24 hours,Varies,Ten affiliate,"Regional VIC – Mildura / Sunraysia: Mildura, Irymple, Red Cliffs, Merbein, Robinvale",https://upload.wikimedia.org/wikipedia/commons/3/3c/Network_10_logo_2018.svg,
FTA,10 (Southern Cross VIC),10 Peach,52,,24 hours,Varies,Ten affiliate,"Regional VIC – Mildura / Sunraysia: Mildura, Irymple, Red Cliffs, Merbein, Robinvale",https://upload.wikimedia.org/wikipedia/commons/1/1e/10_Peach_2018.svg,
FTA,10 (Southern Cross VIC),10 Bold,53,,24 hours,Varies,Ten affiliate,"Regional VIC – Mildura / Sunraysia: Mildura, Irymple, Red Cliffs, Merbein, Robinvale",https://upload.wikimedia.org/wikipedia/commons/a/a3/10_Bold_2018.svg,
FTA,10 (Southern Cross VIC),Nickelodeon,54,,24 hours,Varies,Ten affiliate,"Regional VIC – Mildura / Sunraysia: Mildura, Irymple, Red Cliffs, Merbein, Robinvale",https://upload.wikimedia.org/wikipedia/commons/6/6c/Nickelodeon_2023_logo_%28outline%29.svg,
FTA,10 (Southern Cross VIC),Sky News Regional,56,,24 hours,Varies,Ten affiliate,"Regional VIC – Mildura / Sunraysia: Mildura, Irymple, Red Cliffs, Merbein, Robinvale",https://upload.wikimedia.org/wikipedia/commons/4/4a/Sky_News_Regional_Australia_logo.png,
FTA,10 (Southern Cross VIC),gecko,57,,24 hours,Varies,Ten affiliate,"Regional VIC – Mildura / Sunraysia: Mildura, Irymple, Red Cliffs, Merbein, Robinvale",,
FTA,10 (Southern Cross VIC),you.tv,58,,24 hours,Varies,Ten affiliate,"Regional VIC – Mildura / Sunraysia: Mildura, Irymple, Red Cliffs, Merbein, Robinvale",,
FTA,Seven (Prime7 VIC),Seven,6 / 60 HD,,24 hours,Varies,Seven affiliate,"Regional VIC – Albury-Wodonga (VIC side): Wodonga, Rutherglen, Beechworth, Yackandandah",https://upload.wikimedia.org/wikipedia/commons/2/2e/Seven_Network_logo.svg,
FTA,Seven (Prime7 VIC),7two,62,,24 hours,Varies,Seven affiliate,"Regional VIC – Albury-Wodonga (VIC side): Wodonga, Rutherglen, Beechworth, Yackandandah",https://upload.wikimedia.org/wikipedia/commons/2/2a/7TWO_logo.svg,
FTA,Seven (Prime7 VIC),7mate,63,,24 hours,Varies,Seven affiliate,"Regional VIC – Albury-Wodonga (VIC side): Wodonga, Rutherglen, Beechworth, Yackandandah",https://upload.wikimedia.org/wikipedia/commons/3/33/7mate_logo.svg,
FTA,Seven (Prime7 VIC),7Bravo,65,,24 hours,Varies,Seven affiliate,"Regional VIC – Albury-Wodonga (VIC side): Wodonga, Rutherglen, Beechworth, Yackandandah",https://upload.wikimedia.org/wikipedia/commons/4/43/7Bravo_logo.svg,
FTA,Seven (Prime7 VIC),7flix,66,,24 hours,Varies,Seven affiliate,"Regional VIC – Albury-Wodonga (VIC side): Wodonga, Rutherglen, Beechworth, Yackandandah",https://upload.wikimedia.org/wikipedia/commons/d/d1/7flix_logo_2020.svg,
FTA,Seven (Prime7 VIC),Racing.com,68,,24 hours,Varies,Seven affiliate,"Regional VIC – Albury-Wodonga (VIC side): Wodonga, Rutherglen, Beechworth, Yackandandah",https://upload.wikimedia.org/wikipedia/en/2/2e/Racing.com_logo.png,
FTA,Nine (WIN VIC),Nine,8 / 80 HD,,24 hours,Varies,Nine affiliate,"Regional VIC – Albury-Wodonga (VIC side): Wodonga, Rutherglen, Beechworth, Yackandandah",https://upload.wikimedia.org/wikipedia/commons/9/9d/Nine_Network_2019_logo.svg,
FTA,Nine (WIN VIC),9Gem,81,,24 hours,Varies,Nine affiliate,"Regional VIC – Albury-Wodonga (VIC side): Wodonga, Rutherglen, Beechworth, Yackandandah",https://upload.wikimedia.org/wikipedia/commons/2/2a/9Gem_2015_logo.svg,
FTA,Nine (WIN VIC),9Go!,82,,24 hours,Varies,Nine affiliate,"Regional VIC – Albury-Wodonga (VIC side): Wodonga, Rutherglen, Beechworth, Yackandandah",https://upload.wikimedia.org/wikipedia/commons/f/fd/9Go%21_2015_logo.svg,
FTA,Nine (WIN VIC),9Life,83,,24 hours,Varies,Nine affiliate,"Regional VIC – Albury-Wodonga (VIC side): Wodonga, Rutherglen, Beechworth, Yackandandah",https://upload.wikimedia.org/wikipedia/commons/5/50/9Life_2015_Logo.svg,
FTA,Nine (WIN VIC),9Rush,86/88,,24 hours,Varies,Nine affiliate,"Regional VIC – Albury-Wodonga (VIC side): Wodonga, Rutherglen, Beechworth, Yackandandah",https://upload.wikimedia.org/wikipedia/commons/a/ae/9Rush_logo_2020.svg,
FTA,Nine (WIN VIC),Extra,85/87,,24 hours,Varies,Nine affiliate,"Regional VIC – Albury-Wodonga (VIC side): Wodonga, Rutherglen, Beechworth, Yackandandah",https://upload.wikimedia.org/wikipedia/commons/2/2e/Extra_Australia_logo.svg,
FTA,10 (Southern Cross VIC),10,5 / 50 HD,,24 hours,Varies,Ten affiliate,"Regional VIC – Albury-Wodonga (VIC side): Wodonga, Rutherglen, Beechworth, Yackandandah",https://upload.wikimedia.org/wikipedia/commons/3/3c/Network_10_logo_2018.svg,
FTA,10 (Southern Cross VIC),10 Peach,52,,24 hours,Varies,Ten affiliate,"Regional VIC – Albury-Wodonga (VIC side): Wodonga, Rutherglen, Beechworth, Yackandandah",https://upload.wikimedia.org/wikipedia/commons/1/1e/10_Peach_2018.svg,
FTA,10 (Southern Cross VIC),10 Bold,53,,24 hours,Varies,Ten affiliate,"Regional VIC – Albury-Wodonga (VIC side): Wodonga, Rutherglen, Beechworth, Yackandandah",https://upload.wikimedia.org/wikipedia/commons/a/a3/10_Bold_2018.svg,
FTA,10 (Southern Cross VIC),Nickelodeon,54,,24 hours,Varies,Ten affiliate,"Regional VIC – Albury-Wodonga (VIC side): Wodonga, Rutherglen, Beechworth, Yackandandah",https://upload.wikimedia.org/wikipedia/commons/6/6c/Nickelodeon_2023_logo_%28outline%29.svg,
FTA,10 (Southern Cross VIC),Sky News Regional,56,,24 hours,Varies,Ten affiliate,"Regional VIC – Albury-Wodonga (VIC side): Wodonga, Rutherglen, Beechworth, Yackandandah",https://upload.wikimedia.org/wikipedia/commons/4/4a/Sky_News_Regional_Australia_logo.png,
FTA,10 (Southern Cross VIC),gecko,57,,24 hours,Varies,Ten affiliate,"Regional VIC – Albury-Wodonga (VIC side): Wodonga, Rutherglen, Beechworth, Yackandandah",,
FTA,10 (Southern Cross VIC),you.tv,58,,24 hours,Varies,Ten affiliate,"Regional VIC – Albury-Wodonga (VIC side): Wodonga, Rutherglen, Beechworth, Yackandandah",,
Foxtel,General Entertainment,FOX8,,108,24 hours,,General Entertainment,National (Foxtel),https://upload.wikimedia.org/wikipedia/commons/2/25/Fox8_logo_2023.svg,
Foxtel,General Entertainment,Arena,,105,24 hours,,General Entertainment,National (Foxtel),https://upload.wikimedia.org/wikipedia/commons/7/7e/Arena_Australia_2016_logo.svg,
Foxtel,General Entertainment,BBC UKTV,,106,24 hours,,General Entertainment,National (Foxtel),https://upload.wikimedia.org/wikipedia/commons/5/58/BBC_UKTV_2016_logo.svg,
Foxtel,General Entertainment,LifeStyle,,112,24 hours,,General Entertainment,National (Foxtel),https://upload.wikimedia.org/wikipedia/commons/8/8b/LifeStyle_Australia_logo_2016.svg,
Foxtel,General Entertainment,LifeStyle Food,,113,24 hours,,General Entertainment,National (Foxtel),https://upload.wikimedia.org/wikipedia/commons/3/35/LifeStyle_Food_logo_2016.svg,
Foxtel,General Entertainment,LifeStyle Home,,114,24 hours,,General Entertainment,National (Foxtel),https://upload.wikimedia.org/wikipedia/commons/3/3a/LifeStyle_Home_Logo_2019.svg,
Foxtel,Sport,Fox Sports 501,,501,24 hours,,Sport,National (Foxtel),https://upload.wikimedia.org/wikipedia/commons/7/76/Fox_Sports_Australia_logo_2013.svg,
Foxtel,Sport,Fox League,,502,24 hours,,Sport,National (Foxtel),https://upload.wikimedia.org/wikipedia/en/9/97/Fox_League_logo.png,
Foxtel,Sport,Fox Cricket,,503,24 hours,,Sport,National (Foxtel),https://upload.wikimedia.org/wikipedia/en/1/19/Fox_Cricket_logo.png,
Foxtel,Sport,Fox Footy,,504,24 hours,,Sport,National (Foxtel),https://upload.wikimedia.org/wikipedia/en/0/00/Fox_Footy_Logo_2017.png,
Foxtel,Sport,ESPN,,509,24 hours,,Sport,National (Foxtel),https://upload.wikimedia.org/wikipedia/commons/2/2f/ESPN_wordmark.svg,
Foxtel,Sport,ESPN2,,510,24 hours,,Sport,National (Foxtel),https://upload.wikimedia.org/wikipedia/commons/7/71/ESPN2_logo.svg,
Foxtel,News,Sky News Australia,,600,24 hours,,News,National (Foxtel),https://upload.wikimedia.org/wikipedia/commons/2/29/Sky_News_Australia_2015.svg,
Foxtel,News,BBC News,,602,24 hours,,News,National (Foxtel),https://upload.wikimedia.org/wikipedia/commons/1/1c/BBC_News_2022_%28alt%29.svg,
Foxtel,News,CNN,,603,24 hours,,News,National (Foxtel),https://upload.wikimedia.org/wikipedia/commons/b/b1/CNN.svg,
Foxtel,Factual & Lifestyle,Discovery Channel,,608,24 hours,,Factual & Lifestyle,National (Foxtel),https://upload.wikimedia.org/wikipedia/commons/4/48/2021_Discovery_logo.svg,
Foxtel,Factual & Lifestyle,Investigation Discovery,,616,24 hours,,Factual & Lifestyle,National (Foxtel),https://upload.wikimedia.org/wikipedia/commons/8/88/Investigation_Discovery_Logo_2020.svg,
Foxtel,Factual & Lifestyle,TLC,,606,24 hours,,Factual & Lifestyle,National (Foxtel),https://upload.wikimedia.org/wikipedia/commons/5/5f/TLC-Logo_2016.svg,
Foxtel,Factual & Lifestyle,Animal Planet,,610,24 hours,,Factual & Lifestyle,National (Foxtel),https://upload.wikimedia.org/wikipedia/commons/6/66/Animal_Planet_logo_2018.svg,
Foxtel,Factual & Lifestyle,National Geographic,,628,24 hours,,Factual & Lifestyle,National (Foxtel),https://upload.wikimedia.org/wikipedia/commons/6/6b/National-Geographic-Logo.svg,
Foxtel,Factual & Lifestyle,Nat Geo Wild,,629,24 hours,,Factual & Lifestyle,National (Foxtel),https://upload.wikimedia.org/wikipedia/commons/0/0a/Nat_Geo_Wild_logo.svg,
Foxtel,Factual & Lifestyle,Discovery Turbo,,605,24 hours,,Factual & Lifestyle,National (Foxtel),https://upload.wikimedia.org/wikipedia/commons/d/dc/Discovery_Turbo_logo.svg,
Foxtel,Factual & Lifestyle,BBC Earth,,614,24 hours,,Factual & Lifestyle,National (Foxtel),https://upload.wikimedia.org/wikipedia/commons/9/9c/BBC_Earth_logo.svg,
Foxtel,Factual & Lifestyle,History,,611,24 hours,,Factual & Lifestyle,National (Foxtel),https://upload.wikimedia.org/wikipedia/commons/8/84/History_Logo_A%26E.svg,
Foxtel,Kids,Cartoon Network,,713,24 hours,,Kids,National (Foxtel),https://upload.wikimedia.org/wikipedia/commons/8/80/Cartoon_Network_2010_logo.svg,
Foxtel,Kids,Nickelodeon,,708,24 hours,,Kids,National (Foxtel),https://upload.wikimedia.org/wikipedia/commons/6/6c/Nickelodeon_2023_logo_%28outline%29.svg,
Foxtel,Kids,Nick Jr.,,709,24 hours,,Kids,National (Foxtel),https://upload.wikimedia.org/wikipedia/commons/e/e2/Nick_Jr._logo_2023.svg,
